{"stats":{"minecraft:used":{"minecraft:stone_sword":77,"minecraft:spruce_slab":14,"minecraft:ladder":9,"minecraft:spruce_planks":12,"minecraft:chest":12,"minecraft:shield":1,"minecraft:netherrack":21,"minecraft:iron_chestplate":1,"minecraft:brewing_stand":4,"minecraft:dirt":37,"minecraft:hopper":10,"minecraft:spruce_stairs":2,"minecraft:cobblestone_wall":127,"minecraft:diamond_helmet":1,"minecraft:furnace_minecart":2,"minecraft:oak_fence_gate":8,"minecraft:spruce_boat":8,"minecraft:lava_bucket":2,"minecraft:spruce_button":64,"minecraft:iron_boots":2,"minecraft:diamond_chestplate":1,"minecraft:bow":2,"minecraft:oak_sapling":1,"minecraft:minecart":4,"minecraft:iron_leggings":1,"minecraft:wheat_seeds":25,"minecraft:cooked_mutton":20,"minecraft:water_bucket":57,"minecraft:diamond_boots":1,"minecraft:netherite_chestplate":1,"minecraft:oak_planks":3,"minecraft:chainmail_helmet":2,"minecraft:spruce_sign":3,"minecraft:fletching_table":2,"minecraft:white_wool":5,"minecraft:rail":206,"minecraft:crafting_table":2,"minecraft:white_bed":6,"minecraft:diamond_pickaxe":320,"minecraft:bread":15,"minecraft:spruce_trapdoor":2,"minecraft:oak_pressure_plate":65,"minecraft:stone_axe":91,"minecraft:diamond_sword":25,"minecraft:cobblestone":225,"minecraft:chainmail_boots":1,"minecraft:bucket":60,"minecraft:dandelion":1,"minecraft:diamond_leggings":1},"minecraft:custom":{"minecraft:interact_with_smithing_table":2,"minecraft:interact_with_anvil":1,"minecraft:mob_kills":23,"minecraft:inspect_hopper":1,"minecraft:interact_with_crafting_table":26,"minecraft:bell_ring":389,"minecraft:leave_game":1,"minecraft:climb_one_cm":1036,"minecraft:time_since_death":160499,"minecraft:sprint_one_cm":377662,"minecraft:walk_one_cm":510364,"minecraft:damage_blocked_by_shield":105,"minecraft:drop":128,"minecraft:talked_to_villager":88,"minecraft:play_time":161195,"minecraft:walk_under_water_one_cm":17327,"minecraft:deaths":1,"minecraft:sneak_time":15276,"minecraft:boat_one_cm":225234,"minecraft:jump":2700,"minecraft:walk_on_water_one_cm":33105,"minecraft:total_world_time":161195,"minecraft:interact_with_furnace":5,"minecraft:traded_with_villager":55,"minecraft:sleep_in_bed":3,"minecraft:time_since_rest":7120,"minecraft:damage_taken":1683,"minecraft:minecart_one_cm":48,"minecraft:damage_dealt":8044,"minecraft:swim_one_cm":100,"minecraft:fly_one_cm":283233,"minecraft:open_chest":323,"minecraft:crouch_one_cm":45687,"minecraft:fall_one_cm":59163},"minecraft:picked_up":{"minecraft:crafting_table":1,"minecraft:wheat":50,"minecraft:azure_bluet":17,"minecraft:lead":2,"minecraft:brewing_stand":4,"minecraft:cornflower":1,"minecraft:oak_trapdoor":2,"minecraft:spruce_planks":8,"minecraft:spruce_slab":14,"minecraft:poppy":18,"minecraft:minecart":4,"minecraft:spruce_trapdoor":1,"minecraft:iron_boots":1,"minecraft:stick":198,"minecraft:spruce_stairs":2,"minecraft:porkchop":2,"minecraft:diorite":7,"minecraft:carrot":3,"minecraft:arrow":2,"minecraft:rotten_flesh":3,"minecraft:mutton":5,"minecraft:cobblestone":180,"minecraft:white_wool":5,"minecraft:rail":63,"minecraft:birch_log":1,"minecraft:furnace_minecart":3,"minecraft:leather":1,"minecraft:oak_log":104,"minecraft:cobblestone_wall":28,"minecraft:dirt":43,"minecraft:cooked_mutton":5,"minecraft:bow":1,"minecraft:wheat_seeds":78,"minecraft:oak_fence_gate":5,"minecraft:iron_ingot":37,"minecraft:fletching_table":2,"minecraft:oak_planks":11,"minecraft:dandelion":23,"minecraft:gravel":1,"minecraft:white_bed":6,"minecraft:stone_axe":6,"minecraft:spruce_boat":6,"minecraft:emerald":39,"minecraft:bread":6,"minecraft:oak_sapling":1,"minecraft:netherrack":7,"minecraft:coal":24,"minecraft:hopper":10,"minecraft:diamond_pickaxe":1},"minecraft:broken":{"minecraft:stone_sword":1},"minecraft:killed":{"minecraft:skeleton":3,"minecraft:pig":1,"minecraft:iron_golem":7,"minecraft:wandering_trader":1,"minecraft:sheep":3,"minecraft:trader_llama":1,"minecraft:zombie":5,"minecraft:villager":1},"minecraft:mined":{"minecraft:spruce_planks":8,"minecraft:white_bed":3,"minecraft:brewing_stand":4,"minecraft:spruce_trapdoor":1,"minecraft:grass_block":13,"minecraft:composter":1,"minecraft:hopper":3,"minecraft:oak_trapdoor":2,"minecraft:fletching_table":2,"minecraft:azure_bluet":14,"minecraft:dirt_path":23,"minecraft:rail":66,"minecraft:stone":88,"minecraft:white_wool":2,"minecraft:spruce_slab":15,"minecraft:dandelion":16,"minecraft:crafting_table":1,"minecraft:cornflower":1,"minecraft:short_grass":107,"minecraft:spruce_button":1,"minecraft:emerald_ore":2,"minecraft:poppy":1,"minecraft:cobblestone":84,"minecraft:tall_grass":5,"minecraft:diorite":7,"minecraft:spruce_stairs":2,"minecraft:cobblestone_wall":31,"minecraft:wheat":25,"minecraft:coal_ore":24,"minecraft:oak_fence_gate":4,"minecraft:gravel":12,"minecraft:dirt":5,"minecraft:netherrack":9,"minecraft:oak_leaves":3},"minecraft:dropped":{"minecraft:iron_ingot":23,"minecraft:bread":7,"minecraft:wheat_seeds":4,"minecraft:oak_fence":24,"minecraft:cobblestone":1,"minecraft:spruce_button":64,"minecraft:rail":64,"minecraft:dirt":6,"minecraft:diorite":7,"minecraft:cornflower":1,"minecraft:dandelion":16,"minecraft:gravel":1,"minecraft:stone_axe":3,"minecraft:wheat":56,"minecraft:stone_shovel":1,"minecraft:rotten_flesh":3,"minecraft:iron_boots":1,"minecraft:cooked_mutton":5,"minecraft:azure_bluet":15,"minecraft:poppy":12,"minecraft:spruce_boat":1,"minecraft:chest":13,"minecraft:bow":1},"minecraft:crafted":{"minecraft:oak_planks":688,"minecraft:oak_pressure_plate":64,"minecraft:netherite_chestplate":1,"minecraft:diamond_helmet":1,"minecraft:diamond_leggings":1,"minecraft:ladder":63,"minecraft:spruce_slab":6,"minecraft:cobblestone_wall":120,"minecraft:chest":20,"minecraft:diamond_boots":1,"minecraft:spruce_boat":3,"minecraft:rail":208,"minecraft:wheat":18,"minecraft:emerald":51,"minecraft:spruce_sign":3,"minecraft:spruce_planks":1244,"minecraft:bucket":3,"minecraft:birch_planks":4,"minecraft:air":0,"minecraft:spruce_trapdoor":2,"minecraft:stick":3547,"minecraft:gold_ingot":26,"minecraft:diamond_chestplate":1},"minecraft:killed_by":{"minecraft:player":1}},"DataVersion":3953}