{"stats":{"minecraft:used":{"minecraft:wheat_seeds":25,"minecraft:cooked_mutton":20,"minecraft:water_bucket":52,"minecraft:stone_sword":77,"minecraft:diamond_boots":1,"minecraft:spruce_slab":14,"minecraft:oak_planks":3,"minecraft:chest":4,"minecraft:chainmail_helmet":2,"minecraft:spruce_sign":3,"minecraft:fletching_table":2,"minecraft:iron_chestplate":1,"minecraft:white_wool":4,"minecraft:brewing_stand":4,"minecraft:dirt":19,"minecraft:rail":168,"minecraft:crafting_table":2,"minecraft:cobblestone_wall":116,"minecraft:diamond_helmet":1,"minecraft:white_bed":6,"minecraft:oak_fence_gate":8,"minecraft:spruce_boat":8,"minecraft:diamond_pickaxe":246,"minecraft:lava_bucket":1,"minecraft:bread":2,"minecraft:spruce_trapdoor":2,"minecraft:iron_boots":2,"minecraft:oak_pressure_plate":64,"minecraft:stone_axe":66,"minecraft:diamond_chestplate":1,"minecraft:cobblestone":176,"minecraft:bow":2,"minecraft:chainmail_boots":1,"minecraft:oak_sapling":1,"minecraft:minecart":2,"minecraft:bucket":54,"minecraft:dandelion":1,"minecraft:diamond_leggings":1,"minecraft:iron_leggings":1},"minecraft:custom":{"minecraft:interact_with_furnace":3,"minecraft:mob_kills":20,"minecraft:traded_with_villager":55,"minecraft:interact_with_crafting_table":22,"minecraft:bell_ring":358,"minecraft:leave_game":1,"minecraft:time_since_death":124499,"minecraft:sleep_in_bed":2,"minecraft:time_since_rest":97400,"minecraft:sprint_one_cm":287091,"minecraft:damage_taken":1254,"minecraft:walk_one_cm":391810,"minecraft:drop":102,"minecraft:minecart_one_cm":48,"minecraft:damage_dealt":5164,"minecraft:swim_one_cm":100,"minecraft:talked_to_villager":83,"minecraft:fly_one_cm":207611,"minecraft:open_chest":204,"minecraft:crouch_one_cm":32506,"minecraft:play_time":125195,"minecraft:deaths":1,"minecraft:sneak_time":9934,"minecraft:walk_under_water_one_cm":17327,"minecraft:boat_one_cm":225234,"minecraft:jump":2113,"minecraft:walk_on_water_one_cm":31158,"minecraft:total_world_time":125195,"minecraft:fall_one_cm":42925},"minecraft:picked_up":{"minecraft:birch_log":1,"minecraft:crafting_table":1,"minecraft:wheat":50,"minecraft:azure_bluet":17,"minecraft:leather":1,"minecraft:lead":2,"minecraft:oak_log":104,"minecraft:oak_trapdoor":2,"minecraft:brewing_stand":4,"minecraft:cobblestone_wall":21,"minecraft:cornflower":1,"minecraft:dirt":30,"minecraft:cooked_mutton":5,"minecraft:bow":1,"minecraft:wheat_seeds":75,"minecraft:iron_ingot":14,"minecraft:oak_fence_gate":5,"minecraft:poppy":11,"minecraft:fletching_table":2,"minecraft:spruce_slab":9,"minecraft:minecart":3,"minecraft:oak_planks":11,"minecraft:spruce_trapdoor":1,"minecraft:iron_boots":1,"minecraft:stick":198,"minecraft:spruce_stairs":2,"minecraft:dandelion":22,"minecraft:gravel":1,"minecraft:porkchop":2,"minecraft:diorite":7,"minecraft:white_bed":6,"minecraft:arrow":2,"minecraft:rotten_flesh":3,"minecraft:spruce_boat":6,"minecraft:stone_axe":6,"minecraft:bread":6,"minecraft:emerald":39,"minecraft:mutton":5,"minecraft:oak_sapling":1,"minecraft:netherrack":7,"minecraft:coal":24,"minecraft:rail":55,"minecraft:white_wool":5,"minecraft:cobblestone":114,"minecraft:diamond_pickaxe":1},"minecraft:broken":{"minecraft:stone_sword":1},"minecraft:killed":{"minecraft:pig":1,"minecraft:iron_golem":4,"minecraft:wandering_trader":1,"minecraft:sheep":3,"minecraft:skeleton":3,"minecraft:trader_llama":1,"minecraft:zombie":5,"minecraft:villager":1},"minecraft:mined":{"minecraft:white_bed":3,"minecraft:dandelion":16,"minecraft:brewing_stand":4,"minecraft:crafting_table":1,"minecraft:cornflower":1,"minecraft:spruce_trapdoor":1,"minecraft:short_grass":101,"minecraft:emerald_ore":2,"minecraft:grass_block":11,"minecraft:poppy":1,"minecraft:tall_grass":1,"minecraft:cobblestone":30,"minecraft:composter":1,"minecraft:diorite":7,"minecraft:spruce_stairs":2,"minecraft:oak_trapdoor":2,"minecraft:cobblestone_wall":26,"minecraft:wheat":25,"minecraft:fletching_table":2,"minecraft:azure_bluet":14,"minecraft:oak_fence_gate":4,"minecraft:coal_ore":24,"minecraft:dirt_path":16,"minecraft:rail":57,"minecraft:gravel":12,"minecraft:dirt":1,"minecraft:stone":87,"minecraft:netherrack":7,"minecraft:white_wool":2,"minecraft:oak_leaves":3,"minecraft:spruce_slab":11},"minecraft:dropped":{"minecraft:bread":6,"minecraft:gravel":1,"minecraft:iron_ingot":14,"minecraft:stone_axe":2,"minecraft:wheat_seeds":2,"minecraft:wheat":56,"minecraft:rotten_flesh":3,"minecraft:iron_boots":1,"minecraft:cooked_mutton":5,"minecraft:azure_bluet":15,"minecraft:poppy":10,"minecraft:spruce_boat":1,"minecraft:diorite":7,"minecraft:cornflower":1,"minecraft:bow":1,"minecraft:dandelion":13},"minecraft:crafted":{"minecraft:oak_planks":688,"minecraft:emerald":51,"minecraft:spruce_sign":3,"minecraft:spruce_planks":1244,"minecraft:oak_pressure_plate":64,"minecraft:bucket":3,"minecraft:birch_planks":4,"minecraft:spruce_trapdoor":2,"minecraft:diamond_helmet":1,"minecraft:diamond_leggings":1,"minecraft:spruce_slab":6,"minecraft:stick":3547,"minecraft:cobblestone_wall":120,"minecraft:diamond_boots":1,"minecraft:spruce_boat":3,"minecraft:rail":208,"minecraft:wheat":18,"minecraft:diamond_chestplate":1},"minecraft:killed_by":{"minecraft:player":1}},"DataVersion":3953}