{"stats":{"minecraft:used":{"minecraft:stone_sword":77,"minecraft:spruce_slab":14,"minecraft:redstone":11,"minecraft:ladder":9,"minecraft:chest":40,"minecraft:spruce_planks":21,"minecraft:shield":5,"minecraft:netherrack":36,"minecraft:iron_chestplate":1,"minecraft:brewing_stand":4,"minecraft:dirt":128,"minecraft:hopper":17,"minecraft:spruce_stairs":2,"minecraft:cobblestone_wall":127,"minecraft:diamond_helmet":1,"minecraft:furnace_minecart":2,"minecraft:oak_fence_gate":8,"minecraft:spruce_boat":8,"minecraft:lava_bucket":7,"minecraft:iron_axe":6,"minecraft:spruce_button":77,"minecraft:iron_boots":2,"minecraft:diamond_chestplate":1,"minecraft:bow":2,"minecraft:oak_sapling":1,"minecraft:furnace":1,"minecraft:minecart":4,"minecraft:observer":6,"minecraft:iron_leggings":1,"minecraft:wheat_seeds":25,"minecraft:cooked_mutton":20,"minecraft:water_bucket":62,"minecraft:diamond_boots":1,"minecraft:netherite_chestplate":2,"minecraft:oak_planks":3,"minecraft:chainmail_helmet":2,"minecraft:spruce_sign":3,"minecraft:sugar_cane":26,"minecraft:fletching_table":2,"minecraft:white_wool":5,"minecraft:sand":12,"minecraft:rail":206,"minecraft:crafting_table":7,"minecraft:white_bed":6,"minecraft:piston":9,"minecraft:diamond_pickaxe":401,"minecraft:diamond_shovel":119,"minecraft:bread":33,"minecraft:spruce_trapdoor":2,"minecraft:oak_pressure_plate":65,"minecraft:stone_axe":102,"minecraft:diamond_sword":59,"minecraft:cobblestone":390,"minecraft:chainmail_boots":1,"minecraft:grindstone":1,"minecraft:bucket":70,"minecraft:dandelion":1,"minecraft:diamond_leggings":1},"minecraft:custom":{"minecraft:interact_with_smithing_table":2,"minecraft:mob_kills":26,"minecraft:interact_with_anvil":6,"minecraft:inspect_hopper":2,"minecraft:interact_with_crafting_table":39,"minecraft:bell_ring":392,"minecraft:leave_game":1,"minecraft:time_since_death":224882,"minecraft:climb_one_cm":3073,"minecraft:sprint_one_cm":487511,"minecraft:walk_one_cm":669450,"minecraft:damage_blocked_by_shield":1172,"minecraft:drop":175,"minecraft:talked_to_villager":114,"minecraft:play_time":225578,"minecraft:deaths":1,"minecraft:sneak_time":20053,"minecraft:walk_under_water_one_cm":26937,"minecraft:boat_one_cm":225234,"minecraft:jump":3722,"minecraft:walk_on_water_one_cm":42889,"minecraft:total_world_time":225578,"minecraft:interact_with_furnace":7,"minecraft:traded_with_villager":67,"minecraft:sleep_in_bed":4,"minecraft:time_since_rest":41333,"minecraft:damage_taken":2434,"minecraft:minecart_one_cm":48,"minecraft:damage_dealt":9525,"minecraft:swim_one_cm":25406,"minecraft:fly_one_cm":417867,"minecraft:open_chest":655,"minecraft:crouch_one_cm":63471,"minecraft:fall_one_cm":84001},"minecraft:picked_up":{"minecraft:crafting_table":5,"minecraft:wheat":50,"minecraft:azure_bluet":25,"minecraft:lead":2,"minecraft:stone_slab":5,"minecraft:brewing_stand":4,"minecraft:cornflower":1,"minecraft:oak_trapdoor":2,"minecraft:spruce_planks":13,"minecraft:observer":3,"minecraft:poppy":25,"minecraft:iron_pickaxe":1,"minecraft:spruce_slab":22,"minecraft:minecart":4,"minecraft:sugar_cane":40,"minecraft:chest":2,"minecraft:spruce_trapdoor":1,"minecraft:iron_boots":1,"minecraft:furnace":1,"minecraft:stick":209,"minecraft:raw_iron":3,"minecraft:torch":59,"minecraft:spruce_stairs":2,"minecraft:porkchop":2,"minecraft:diorite":7,"minecraft:carrot":3,"minecraft:redstone":2,"minecraft:arrow":2,"minecraft:rotten_flesh":4,"minecraft:mutton":5,"minecraft:cobblestone":304,"minecraft:rail":63,"minecraft:white_wool":5,"minecraft:oxeye_daisy":1,"minecraft:birch_log":1,"minecraft:furnace_minecart":3,"minecraft:leather":1,"minecraft:oak_log":106,"minecraft:cobblestone_wall":32,"minecraft:dirt":629,"minecraft:cooked_mutton":5,"minecraft:bow":1,"minecraft:wheat_seeds":82,"minecraft:oak_fence_gate":5,"minecraft:grindstone":1,"minecraft:iron_ingot":74,"minecraft:fletching_table":2,"minecraft:oak_planks":11,"minecraft:book":10,"minecraft:dandelion":26,"minecraft:oak_pressure_plate":6,"minecraft:gravel":1,"minecraft:sand":12,"minecraft:spruce_sapling":4,"minecraft:white_bed":6,"minecraft:spruce_log":167,"minecraft:diamond_shovel":1,"minecraft:spruce_boat":6,"minecraft:stone_axe":6,"minecraft:spruce_button":70,"minecraft:bread":6,"minecraft:emerald":83,"minecraft:oak_sapling":1,"minecraft:netherrack":10,"minecraft:coal":80,"minecraft:hopper":12,"minecraft:diamond_pickaxe":1},"minecraft:broken":{"minecraft:stone_sword":1},"minecraft:killed":{"minecraft:skeleton":3,"minecraft:pig":1,"minecraft:iron_golem":8,"minecraft:wandering_trader":1,"minecraft:sheep":3,"minecraft:trader_llama":1,"minecraft:zombie":6,"minecraft:villager":2},"minecraft:mined":{"minecraft:spruce_planks":14,"minecraft:white_bed":3,"minecraft:brewing_stand":4,"minecraft:obsidian":1,"minecraft:spruce_trapdoor":1,"minecraft:grass_block":80,"minecraft:redstone_wire":2,"minecraft:oak_pressure_plate":6,"minecraft:hopper":5,"minecraft:composter":1,"minecraft:oak_trapdoor":2,"minecraft:furnace":1,"minecraft:fire":1,"minecraft:fletching_table":2,"minecraft:azure_bluet":22,"minecraft:rail":66,"minecraft:dirt_path":23,"minecraft:stone":106,"minecraft:white_wool":2,"minecraft:spruce_slab":15,"minecraft:observer":3,"minecraft:dandelion":16,"minecraft:crafting_table":2,"minecraft:cornflower":1,"minecraft:short_grass":118,"minecraft:spruce_button":7,"minecraft:emerald_ore":2,"minecraft:poppy":1,"minecraft:chest":2,"minecraft:cobblestone":136,"minecraft:tall_grass":8,"minecraft:grindstone":1,"minecraft:sugar_cane":11,"minecraft:diorite":7,"minecraft:spruce_stairs":2,"minecraft:cobblestone_wall":31,"minecraft:wheat":25,"minecraft:spruce_log":4,"minecraft:coal_ore":24,"minecraft:oak_fence_gate":4,"minecraft:gravel":12,"minecraft:sand":12,"minecraft:dirt":107,"minecraft:netherrack":11,"minecraft:oak_leaves":3},"minecraft:dropped":{"minecraft:iron_ingot":23,"minecraft:bread":7,"minecraft:iron_sword":1,"minecraft:wheat_seeds":55,"minecraft:oak_pressure_plate":6,"minecraft:oak_log":2,"minecraft:minecart":2,"minecraft:crafting_table":1,"minecraft:oak_fence":24,"minecraft:cobblestone":1,"minecraft:leather":4,"minecraft:spruce_button":129,"minecraft:rail":64,"minecraft:stick":12,"minecraft:oxeye_daisy":1,"minecraft:dirt":6,"minecraft:diorite":7,"minecraft:torch":64,"minecraft:cornflower":1,"minecraft:oak_stairs":1,"minecraft:iron_axe":1,"minecraft:iron_pickaxe":2,"minecraft:bucket":1,"minecraft:spruce_sapling":3,"minecraft:dandelion":27,"minecraft:gravel":1,"minecraft:stone_axe":4,"minecraft:oak_trapdoor":2,"minecraft:cobblestone_wall":25,"minecraft:wheat":56,"minecraft:composter":1,"minecraft:stone_shovel":1,"minecraft:rotten_flesh":4,"minecraft:iron_boots":1,"minecraft:diamond_shovel":1,"minecraft:stone_slab":5,"minecraft:azure_bluet":17,"minecraft:cooked_mutton":5,"minecraft:poppy":28,"minecraft:spruce_boat":1,"minecraft:spruce_trapdoor":1,"minecraft:chest":14,"minecraft:spruce_slab":14,"minecraft:bow":1},"minecraft:crafted":{"minecraft:oak_planks":944,"minecraft:oak_pressure_plate":64,"minecraft:piston":9,"minecraft:diamond_shovel":1,"minecraft:netherite_chestplate":1,"minecraft:hopper":6,"minecraft:diamond_helmet":1,"minecraft:diamond_leggings":1,"minecraft:iron_axe":1,"minecraft:ladder":63,"minecraft:spruce_slab":6,"minecraft:cobblestone_wall":120,"minecraft:chest":44,"minecraft:diamond_boots":1,"minecraft:spruce_boat":3,"minecraft:rail":208,"minecraft:observer":9,"minecraft:wheat":18,"minecraft:emerald":59,"minecraft:spruce_sign":3,"minecraft:crafting_table":2,"minecraft:spruce_planks":1660,"minecraft:bucket":3,"minecraft:birch_planks":4,"minecraft:stone_axe":1,"minecraft:enchanted_book":4,"minecraft:air":0,"minecraft:spruce_trapdoor":2,"minecraft:stick":3587,"minecraft:gold_ingot":26,"minecraft:diamond_chestplate":1},"minecraft:killed_by":{"minecraft:player":1}},"DataVersion":3953}