{"stats":{"minecraft:used":{"minecraft:cooked_mutton":20,"minecraft:water_bucket":48,"minecraft:diamond_boots":1,"minecraft:stone_sword":77,"minecraft:spruce_slab":6,"minecraft:oak_planks":3,"minecraft:chest":4,"minecraft:chainmail_helmet":2,"minecraft:spruce_sign":3,"minecraft:fletching_table":2,"minecraft:iron_chestplate":1,"minecraft:white_wool":4,"minecraft:brewing_stand":4,"minecraft:dirt":3,"minecraft:rail":1,"minecraft:crafting_table":2,"minecraft:cobblestone_wall":97,"minecraft:diamond_helmet":1,"minecraft:white_bed":6,"minecraft:oak_fence_gate":4,"minecraft:spruce_boat":6,"minecraft:diamond_pickaxe":188,"minecraft:lava_bucket":1,"minecraft:spruce_trapdoor":2,"minecraft:iron_boots":2,"minecraft:oak_pressure_plate":64,"minecraft:stone_axe":42,"minecraft:diamond_chestplate":1,"minecraft:cobblestone":175,"minecraft:bow":2,"minecraft:chainmail_boots":1,"minecraft:oak_sapling":1,"minecraft:bucket":50,"minecraft:dandelion":1,"minecraft:diamond_leggings":1,"minecraft:iron_leggings":1},"minecraft:custom":{"minecraft:interact_with_furnace":3,"minecraft:mob_kills":20,"minecraft:traded_with_villager":55,"minecraft:interact_with_crafting_table":19,"minecraft:bell_ring":335,"minecraft:leave_game":1,"minecraft:time_since_death":102802,"minecraft:sleep_in_bed":2,"minecraft:time_since_rest":75703,"minecraft:sprint_one_cm":255855,"minecraft:damage_taken":1169,"minecraft:walk_one_cm":272060,"minecraft:drop":57,"minecraft:damage_dealt":4725,"minecraft:swim_one_cm":100,"minecraft:talked_to_villager":76,"minecraft:fly_one_cm":176999,"minecraft:open_chest":186,"minecraft:crouch_one_cm":29805,"minecraft:play_time":103498,"minecraft:deaths":1,"minecraft:sneak_time":9233,"minecraft:walk_under_water_one_cm":17171,"minecraft:boat_one_cm":135626,"minecraft:jump":1903,"minecraft:walk_on_water_one_cm":27060,"minecraft:total_world_time":103498,"minecraft:fall_one_cm":36361},"minecraft:picked_up":{"minecraft:birch_log":1,"minecraft:crafting_table":1,"minecraft:wheat":19,"minecraft:azure_bluet":14,"minecraft:leather":1,"minecraft:lead":2,"minecraft:oak_log":104,"minecraft:cobblestone_wall":20,"minecraft:brewing_stand":4,"minecraft:cornflower":1,"minecraft:dirt":10,"minecraft:cooked_mutton":5,"minecraft:bow":1,"minecraft:wheat_seeds":43,"minecraft:oak_fence_gate":1,"minecraft:iron_ingot":14,"minecraft:poppy":10,"minecraft:fletching_table":2,"minecraft:spruce_slab":3,"minecraft:minecart":1,"minecraft:oak_planks":11,"minecraft:spruce_trapdoor":1,"minecraft:iron_boots":1,"minecraft:stick":2,"minecraft:dandelion":15,"minecraft:gravel":1,"minecraft:porkchop":2,"minecraft:diorite":7,"minecraft:white_bed":6,"minecraft:spruce_boat":4,"minecraft:arrow":2,"minecraft:rotten_flesh":3,"minecraft:stone_axe":6,"minecraft:netherrack":7,"minecraft:emerald":39,"minecraft:white_wool":5,"minecraft:oak_sapling":1,"minecraft:mutton":5,"minecraft:coal":24,"minecraft:rail":1,"minecraft:cobblestone":113,"minecraft:diamond_pickaxe":1},"minecraft:broken":{"minecraft:stone_sword":1},"minecraft:killed":{"minecraft:pig":1,"minecraft:iron_golem":4,"minecraft:wandering_trader":1,"minecraft:sheep":3,"minecraft:skeleton":3,"minecraft:trader_llama":1,"minecraft:zombie":5,"minecraft:villager":1},"minecraft:mined":{"minecraft:white_bed":3,"minecraft:dandelion":9,"minecraft:brewing_stand":4,"minecraft:crafting_table":1,"minecraft:cornflower":1,"minecraft:spruce_trapdoor":1,"minecraft:short_grass":90,"minecraft:emerald_ore":2,"minecraft:grass_block":3,"minecraft:poppy":1,"minecraft:cobblestone":30,"minecraft:composter":1,"minecraft:diorite":7,"minecraft:cobblestone_wall":25,"minecraft:wheat":14,"minecraft:fletching_table":2,"minecraft:azure_bluet":12,"minecraft:coal_ore":24,"minecraft:dirt_path":4,"minecraft:rail":2,"minecraft:gravel":12,"minecraft:dirt":1,"minecraft:netherrack":7,"minecraft:stone":86,"minecraft:spruce_slab":3,"minecraft:white_wool":2,"minecraft:oak_leaves":3},"minecraft:dropped":{"minecraft:gravel":1,"minecraft:iron_ingot":14,"minecraft:stone_axe":2,"minecraft:wheat_seeds":2,"minecraft:wheat":19,"minecraft:rotten_flesh":3,"minecraft:iron_boots":1,"minecraft:cooked_mutton":5,"minecraft:azure_bluet":9,"minecraft:poppy":10,"minecraft:diorite":7,"minecraft:cornflower":1,"minecraft:bow":1,"minecraft:dandelion":13},"minecraft:crafted":{"minecraft:oak_planks":688,"minecraft:emerald":51,"minecraft:spruce_sign":3,"minecraft:spruce_planks":1244,"minecraft:oak_pressure_plate":64,"minecraft:bucket":3,"minecraft:birch_planks":4,"minecraft:spruce_trapdoor":2,"minecraft:diamond_helmet":1,"minecraft:diamond_leggings":1,"minecraft:spruce_slab":6,"minecraft:stick":3547,"minecraft:cobblestone_wall":120,"minecraft:diamond_boots":1,"minecraft:spruce_boat":2,"minecraft:wheat":18,"minecraft:diamond_chestplate":1},"minecraft:killed_by":{"minecraft:player":1}},"DataVersion":3953}