{"stats":{"minecraft:used":{"minecraft:red_sand":1,"minecraft:spruce_slab":14,"minecraft:poppy":1,"minecraft:ladder":9,"minecraft:white_terracotta":1,"minecraft:chest":60,"minecraft:shield":8,"minecraft:iron_chestplate":1,"minecraft:furnace_minecart":2,"minecraft:obsidian":1,"minecraft:spruce_boat":8,"minecraft:lava_bucket":9,"minecraft:item_frame":1,"minecraft:bow":2,"minecraft:oak_sapling":1,"minecraft:furnace":1,"minecraft:end_rod":1,"minecraft:end_stone_bricks":3,"minecraft:diamond_boots":5,"minecraft:oak_planks":6,"minecraft:ender_pearl":1,"minecraft:sandstone":9,"minecraft:chainmail_helmet":2,"minecraft:sugar_cane":39,"minecraft:jungle_boat":3,"minecraft:white_wool":5,"minecraft:sand":12,"minecraft:bread":111,"minecraft:red_terracotta":1,"minecraft:oak_pressure_plate":65,"minecraft:diamond_sword":261,"minecraft:chainmail_boots":1,"minecraft:grindstone":1,"minecraft:oak_boat":5,"minecraft:stone_sword":77,"minecraft:redstone":11,"minecraft:spruce_planks":25,"minecraft:netherrack":72,"minecraft:torch":17,"minecraft:brewing_stand":4,"minecraft:dirt":156,"minecraft:hopper":23,"minecraft:spruce_stairs":2,"minecraft:cobblestone_wall":127,"minecraft:diamond_helmet":4,"minecraft:oak_fence_gate":8,"minecraft:iron_axe":55,"minecraft:spruce_button":79,"minecraft:smooth_sandstone":3,"minecraft:iron_boots":2,"minecraft:totem_of_undying":2,"minecraft:diamond_chestplate":1,"minecraft:netherite_pickaxe":53,"minecraft:minecart":4,"minecraft:observer":6,"minecraft:orange_terracotta":1,"minecraft:iron_leggings":1,"minecraft:wheat_seeds":25,"minecraft:cooked_mutton":20,"minecraft:water_bucket":138,"minecraft:netherite_chestplate":5,"minecraft:smooth_sandstone_slab":1,"minecraft:cut_sandstone":3,"minecraft:spruce_sign":3,"minecraft:fletching_table":2,"minecraft:rail":206,"minecraft:terracotta":17,"minecraft:tnt":13,"minecraft:crafting_table":92,"minecraft:white_bed":6,"minecraft:piston":9,"minecraft:diamond_pickaxe":451,"minecraft:black_wool":1,"minecraft:diamond_shovel":154,"minecraft:map":1,"minecraft:spruce_trapdoor":2,"minecraft:stone_axe":102,"minecraft:fishing_rod":19,"minecraft:cobblestone":594,"minecraft:white_banner":2,"minecraft:bucket":148,"minecraft:yellow_bed":1,"minecraft:dandelion":1,"minecraft:diamond_leggings":4},"minecraft:broken":{"minecraft:stone_sword":1},"minecraft:killed":{"minecraft:shulker":3,"minecraft:skeleton":5,"minecraft:pig":1,"minecraft:iron_golem":8,"minecraft:sheep":3,"minecraft:trader_llama":1,"minecraft:zombie":6,"minecraft:wandering_trader":1,"minecraft:villager":2,"minecraft:enderman":2},"minecraft:crafted":{"minecraft:oak_planks":1000,"minecraft:oak_pressure_plate":64,"minecraft:diamond_shovel":1,"minecraft:bookshelf":55,"minecraft:hopper":6,"minecraft:diamond_helmet":1,"minecraft:diamond_leggings":1,"minecraft:melon_seeds":4,"minecraft:chest":52,"minecraft:rail":208,"minecraft:emerald":82,"minecraft:crafting_table":83,"minecraft:spruce_planks":2940,"minecraft:jungle_boat":1,"minecraft:birch_planks":4,"minecraft:spruce_trapdoor":2,"minecraft:paper":81,"minecraft:stick":4171,"minecraft:gold_ingot":26,"minecraft:piston":9,"minecraft:netherite_chestplate":1,"minecraft:iron_axe":1,"minecraft:ladder":63,"minecraft:spruce_slab":6,"minecraft:cobblestone_wall":120,"minecraft:diamond_boots":1,"minecraft:spruce_boat":3,"minecraft:observer":9,"minecraft:wheat":594,"minecraft:spruce_sign":3,"minecraft:bucket":4,"minecraft:stone_axe":1,"minecraft:enchanted_book":10,"minecraft:bread":206,"minecraft:air":0,"minecraft:jungle_planks":20,"minecraft:oak_boat":1,"minecraft:diamond_chestplate":1},"minecraft:killed_by":{"minecraft:player":1,"minecraft:ender_dragon":1},"minecraft:custom":{"minecraft:interact_with_crafting_table":57,"minecraft:open_barrel":4,"minecraft:bell_ring":427,"minecraft:leave_game":8,"minecraft:time_since_death":16674,"minecraft:sprint_one_cm":1056511,"minecraft:damage_blocked_by_shield":1693,"minecraft:drop":296,"minecraft:talked_to_villager":196,"minecraft:play_time":396942,"minecraft:deaths":9,"minecraft:jump":8393,"minecraft:walk_on_water_one_cm":112366,"minecraft:interact_with_furnace":9,"minecraft:traded_with_villager":151,"minecraft:sleep_in_bed":6,"minecraft:open_enderchest":1,"minecraft:damage_dealt":12231,"minecraft:player_kills":1,"minecraft:crouch_one_cm":97384,"minecraft:interact_with_smithing_table":8,"minecraft:mob_kills":34,"minecraft:interact_with_anvil":19,"minecraft:inspect_hopper":2,"minecraft:climb_one_cm":7350,"minecraft:walk_one_cm":984266,"minecraft:walk_under_water_one_cm":98669,"minecraft:sneak_time":31852,"minecraft:boat_one_cm":590231,"minecraft:total_world_time":396942,"minecraft:interact_with_grindstone":3,"minecraft:time_since_rest":16702,"minecraft:damage_taken":11026,"minecraft:damage_absorbed":78,"minecraft:minecart_one_cm":48,"minecraft:swim_one_cm":155400,"minecraft:fly_one_cm":1588809,"minecraft:open_chest":936,"minecraft:fish_caught":1,"minecraft:fall_one_cm":255066},"minecraft:picked_up":{"minecraft:shulker_shell":2,"minecraft:wheat":50,"minecraft:diamond_sword":8,"minecraft:lead":2,"minecraft:stone_slab":5,"minecraft:brewing_stand":4,"minecraft:diamond_leggings":8,"minecraft:red_sand":1,"minecraft:spruce_planks":87,"minecraft:iron_pickaxe":1,"minecraft:melon_slice":4,"minecraft:iron_boots":1,"minecraft:furnace":1,"minecraft:tipped_arrow":1,"minecraft:stick":246,"minecraft:torch":106,"minecraft:spruce_stairs":3,"minecraft:porkchop":2,"minecraft:diorite":7,"minecraft:rotten_flesh":4,"minecraft:end_rod":1,"minecraft:white_terracotta":1,"minecraft:netherite_chestplate":8,"minecraft:cobblestone":2044,"minecraft:furnace_minecart":3,"minecraft:birch_log":1,"minecraft:feather":2,"minecraft:water_bucket":8,"minecraft:jungle_log":5,"minecraft:potato":16,"minecraft:tuff":3,"minecraft:dirt":782,"minecraft:bone":1,"minecraft:bow":1,"minecraft:wheat_seeds":104,"minecraft:grindstone":1,"minecraft:fletching_table":2,"minecraft:diamond_helmet":8,"minecraft:oak_planks":65,"minecraft:oak_pressure_plate":6,"minecraft:sand":12,"minecraft:chiseled_sandstone":1,"minecraft:red_terracotta":1,"minecraft:diamond":1,"minecraft:spruce_boat":6,"minecraft:golden_apple":15,"minecraft:chainmail_helmet":1,"minecraft:spruce_button":72,"minecraft:bread":513,"minecraft:emerald":89,"minecraft:oak_sapling":1,"minecraft:netherrack":143,"minecraft:dark_oak_fence":2,"minecraft:diamond_pickaxe":3,"minecraft:end_stone_bricks":6,"minecraft:fishing_rod":7,"minecraft:cocoa_beans":1,"minecraft:crafting_table":27,"minecraft:azure_bluet":25,"minecraft:shield":7,"minecraft:dragon_breath":5,"minecraft:cornflower":1,"minecraft:oak_trapdoor":2,"minecraft:elytra":1,"minecraft:iron_axe":7,"minecraft:item_frame":2,"minecraft:oak_boat":4,"minecraft:observer":3,"minecraft:poppy":26,"minecraft:spruce_slab":27,"minecraft:minecart":4,"minecraft:sugar_cane":49,"minecraft:chest":14,"minecraft:spruce_trapdoor":1,"minecraft:raw_iron":3,"minecraft:sandstone":9,"minecraft:spruce_fence":2,"minecraft:carrot":3,"minecraft:redstone":2,"minecraft:netherite_pickaxe":6,"minecraft:stone_pressure_plate":1,"minecraft:dark_oak_planks":4,"minecraft:smooth_sandstone_slab":1,"minecraft:tnt":48,"minecraft:arrow":8,"minecraft:diamond_boots":8,"minecraft:hay_block":176,"minecraft:yellow_terracotta":1,"minecraft:totem_of_undying":2,"minecraft:gold_ingot":6,"minecraft:mutton":7,"minecraft:rail":66,"minecraft:white_wool":5,"minecraft:oxeye_daisy":1,"minecraft:jungle_boat":2,"minecraft:salmon":1,"minecraft:cut_sandstone":3,"minecraft:leather":1,"minecraft:oak_log":120,"minecraft:chainmail_chestplate":2,"minecraft:yellow_bed":2,"minecraft:cobblestone_wall":32,"minecraft:orange_terracotta":1,"minecraft:cooked_mutton":5,"minecraft:smooth_sandstone":3,"minecraft:apple":6,"minecraft:iron_ingot":289,"minecraft:oak_fence_gate":5,"minecraft:dark_oak_stairs":1,"minecraft:book":17,"minecraft:sweet_berries":14,"minecraft:dandelion":27,"minecraft:gravel":1,"minecraft:spruce_sapling":4,"minecraft:white_bed":6,"minecraft:spruce_log":167,"minecraft:diamond_shovel":8,"minecraft:stone_axe":6,"minecraft:diamond_axe":1,"minecraft:terracotta":17,"minecraft:black_wool":1,"minecraft:coal":90,"minecraft:hopper":18,"minecraft:ender_pearl":3},"minecraft:dropped":{"minecraft:iron_sword":1,"minecraft:dark_oak_stairs":1,"minecraft:diamond_axe":1,"minecraft:oak_pressure_plate":6,"minecraft:oak_log":2,"minecraft:ender_pearl":1,"minecraft:crafting_table":1,"minecraft:leather":4,"minecraft:jungle_planks":11,"minecraft:dragon_breath":5,"minecraft:rail":67,"minecraft:item_frame":1,"minecraft:dirt":6,"minecraft:dark_oak_fence":2,"minecraft:cornflower":1,"minecraft:mutton":2,"minecraft:iron_pickaxe":2,"minecraft:dark_oak_planks":4,"minecraft:bone":1,"minecraft:gravel":1,"minecraft:stone_axe":4,"minecraft:wheat":56,"minecraft:rotten_flesh":4,"minecraft:diamond_shovel":1,"minecraft:cooked_mutton":5,"minecraft:azure_bluet":25,"minecraft:salmon":1,"minecraft:chainmail_chestplate":1,"minecraft:poppy":28,"minecraft:melon_seeds":3,"minecraft:chest":14,"minecraft:spruce_slab":16,"minecraft:end_stone_bricks":3,"minecraft:arrow":3,"minecraft:iron_ingot":23,"minecraft:bread":8,"minecraft:wheat_seeds":74,"minecraft:minecart":2,"minecraft:feather":2,"minecraft:oak_fence":24,"minecraft:yellow_terracotta":1,"minecraft:cobblestone":38,"minecraft:book":6,"minecraft:spruce_button":129,"minecraft:spruce_stairs":1,"minecraft:chainmail_helmet":1,"minecraft:stick":35,"minecraft:oxeye_daisy":1,"minecraft:diorite":7,"minecraft:torch":64,"minecraft:oak_stairs":1,"minecraft:iron_axe":1,"minecraft:iron_shovel":1,"minecraft:bucket":3,"minecraft:spruce_sapling":6,"minecraft:chiseled_sandstone":1,"minecraft:dandelion":28,"minecraft:oak_trapdoor":2,"minecraft:cobblestone_wall":25,"minecraft:cocoa_beans":1,"minecraft:tuff":3,"minecraft:composter":1,"minecraft:stone_shovel":1,"minecraft:raw_iron":3,"minecraft:iron_boots":1,"minecraft:stone_slab":5,"minecraft:spruce_fence":2,"minecraft:filled_map":1,"minecraft:spruce_boat":1,"minecraft:shield":1,"minecraft:spruce_trapdoor":1,"minecraft:spruce_planks":68,"minecraft:stone_pressure_plate":1,"minecraft:bow":1},"minecraft:mined":{"minecraft:dark_oak_planks":4,"minecraft:spruce_planks":24,"minecraft:stone_pressure_plate":1,"minecraft:white_bed":4,"minecraft:brewing_stand":4,"minecraft:obsidian":1,"minecraft:spruce_trapdoor":1,"minecraft:red_sand":1,"minecraft:grass_block":93,"minecraft:jungle_log":8,"minecraft:oak_pressure_plate":6,"minecraft:composter":1,"minecraft:hopper":11,"minecraft:fire":1,"minecraft:fletching_table":2,"minecraft:azure_bluet":22,"minecraft:dark_oak_stairs":1,"minecraft:potted_dandelion":1,"minecraft:dirt_path":23,"minecraft:iron_bars":2,"minecraft:end_stone_bricks":3,"minecraft:spruce_slab":17,"minecraft:cut_sandstone":3,"minecraft:orange_terracotta":1,"minecraft:poppy":1,"minecraft:melon":1,"minecraft:chest":14,"minecraft:dead_bush":1,"minecraft:cobblestone":143,"minecraft:oak_planks":3,"minecraft:sugar_cane":11,"minecraft:grindstone":1,"minecraft:smooth_sandstone_slab":1,"minecraft:wall_torch":1,"minecraft:white_terracotta":1,"minecraft:wheat":25,"minecraft:tnt":12,"minecraft:oak_fence_gate":4,"minecraft:sand":14,"minecraft:dirt":133,"minecraft:netherrack":35,"minecraft:oak_leaves":9,"minecraft:deepslate":2,"minecraft:yellow_terracotta":1,"minecraft:tuff":3,"minecraft:end_stone":12,"minecraft:redstone_wire":2,"minecraft:sandstone":9,"minecraft:hay_block":81,"minecraft:oak_trapdoor":2,"minecraft:furnace":1,"minecraft:chiseled_sandstone":1,"minecraft:vine":4,"minecraft:rail":66,"minecraft:stone":111,"minecraft:white_wool":2,"minecraft:glass_pane":2,"minecraft:magenta_stained_glass":1,"minecraft:observer":3,"minecraft:dandelion":16,"minecraft:smooth_sandstone":3,"minecraft:crafting_table":5,"minecraft:cornflower":1,"minecraft:short_grass":238,"minecraft:spruce_button":7,"minecraft:emerald_ore":2,"minecraft:tall_grass":21,"minecraft:diorite":7,"minecraft:spruce_stairs":3,"minecraft:cobblestone_wall":31,"minecraft:sweet_berry_bush":3,"minecraft:spruce_log":4,"minecraft:yellow_bed":1,"minecraft:coal_ore":24,"minecraft:cocoa":1,"minecraft:gravel":12,"minecraft:terracotta":17,"minecraft:fern":9}},"DataVersion":3953}