{"stats":{"minecraft:dropped":{"minecraft:leather":2,"minecraft:stone_pickaxe":1},"minecraft:killed":{"minecraft:zombie":1,"minecraft:llama":2,"minecraft:cow":5},"minecraft:crafted":{"minecraft:cherry_planks":12,"minecraft:crafting_table":2,"minecraft:stick":8,"minecraft:iron_ingot":3,"minecraft:iron_pickaxe":1,"minecraft:stone_pickaxe":1,"minecraft:acacia_planks":28,"minecraft:stone_axe":1,"minecraft:air":0},"minecraft:mined":{"minecraft:iron_ore":3,"minecraft:cherry_log":3,"minecraft:crafting_table":1,"minecraft:granite":1,"minecraft:short_grass":3,"minecraft:acacia_log":7,"minecraft:coal_ore":21,"minecraft:stone":11},"minecraft:picked_up":{"minecraft:crafting_table":1,"minecraft:raw_iron":3,"minecraft:leather":6,"minecraft:acacia_log":7,"minecraft:wooden_pickaxe":1,"minecraft:cherry_log":3,"minecraft:rotten_flesh":2,"minecraft:beef":10,"minecraft:granite":1,"minecraft:stone_pickaxe":1,"minecraft:coal":21,"minecraft:cobblestone":13},"minecraft:custom":{"minecraft:time_since_rest":13681,"minecraft:interact_with_furnace":4,"minecraft:sprint_one_cm":45974,"minecraft:damage_taken":175,"minecraft:walk_one_cm":47970,"minecraft:mob_kills":8,"minecraft:drop":3,"minecraft:damage_dealt":1121,"minecraft:interact_with_crafting_table":2,"minecraft:fly_one_cm":53835,"minecraft:crouch_one_cm":145,"minecraft:play_time":13681,"minecraft:sneak_time":80,"minecraft:jump":392,"minecraft:leave_game":1,"minecraft:time_since_death":13681,"minecraft:total_world_time":13681,"minecraft:fall_one_cm":7684},"minecraft:used":{"minecraft:stone_pickaxe":32,"minecraft:wooden_pickaxe":6,"minecraft:rotten_flesh":2,"minecraft:stone_axe":30,"minecraft:cobblestone":7,"minecraft:crafting_table":2,"minecraft:granite":1}},"DataVersion":3953}