{"stats":{"minecraft:dropped":{"minecraft:wooden_pickaxe":1},"minecraft:picked_up":{"minecraft:raw_iron":12,"minecraft:oak_log":7,"minecraft:cherry_log":7,"minecraft:diorite":1,"minecraft:string":2,"minecraft:coal":1,"minecraft:cobblestone":26},"minecraft:mined":{"minecraft:iron_ore":12,"minecraft:cherry_log":7,"minecraft:short_grass":2,"minecraft:coal_ore":1,"minecraft:oak_log":7,"minecraft:cherry_leaves":1,"minecraft:tall_grass":2,"minecraft:stone":22,"minecraft:diorite":1},"minecraft:used":{"minecraft:stone_sword":13,"minecraft:stone_pickaxe":28,"minecraft:oak_planks":17,"minecraft:wooden_pickaxe":10,"minecraft:stone_axe":9,"minecraft:crafting_table":1,"minecraft:furnace":1},"minecraft:custom":{"minecraft:time_since_rest":11594,"minecraft:interact_with_furnace":3,"minecraft:sprint_one_cm":32378,"minecraft:damage_taken":196,"minecraft:walk_one_cm":34212,"minecraft:mob_kills":3,"minecraft:drop":1,"minecraft:damage_dealt":685,"minecraft:swim_one_cm":1307,"minecraft:interact_with_crafting_table":4,"minecraft:fly_one_cm":54043,"minecraft:crouch_one_cm":866,"minecraft:play_time":11594,"minecraft:sneak_time":255,"minecraft:walk_under_water_one_cm":73,"minecraft:jump":325,"minecraft:leave_game":1,"minecraft:time_since_death":11594,"minecraft:walk_on_water_one_cm":1988,"minecraft:total_world_time":11594,"minecraft:fall_one_cm":9091},"minecraft:killed":{"minecraft:zombie":1,"minecraft:spider":2},"minecraft:crafted":{"minecraft:cherry_planks":28,"minecraft:oak_planks":28,"minecraft:crafting_table":1,"minecraft:stick":12,"minecraft:wooden_pickaxe":2,"minecraft:stone_pickaxe":1,"minecraft:stone_sword":1,"minecraft:furnace":1,"minecraft:stone_axe":1}},"DataVersion":3953}