{"stats":{"minecraft:dropped":{"minecraft:cobblestone":7,"minecraft:spruce_log":2,"minecraft:stone_pickaxe":1,"minecraft:stick":4},"minecraft:picked_up":{"minecraft:stick":2,"minecraft:crafting_table":1,"minecraft:raw_iron":7,"minecraft:brown_mushroom":1,"minecraft:wooden_pickaxe":1,"minecraft:spruce_sapling":3,"minecraft:spruce_log":54,"minecraft:dirt":36,"minecraft:iron_axe":1,"minecraft:stone_axe":1,"minecraft:wheat_seeds":1,"minecraft:spruce_planks":5,"minecraft:iron_ingot":1,"minecraft:stone_pickaxe":1,"minecraft:coal":10,"minecraft:snowball":1,"minecraft:cobblestone":65},"minecraft:mined":{"minecraft:large_fern":2,"minecraft:brown_mushroom":1,"minecraft:iron_ore":7,"minecraft:spruce_log":28,"minecraft:crafting_table":1,"minecraft:short_grass":1,"minecraft:grass_block":16,"minecraft:coal_ore":9,"minecraft:dirt":12,"minecraft:packed_ice":3,"minecraft:cobblestone":3,"minecraft:spruce_leaves":14,"minecraft:stone":56,"minecraft:oak_leaves":8},"minecraft:killed_by":{"minecraft:spider":1,"minecraft:zombie":3},"minecraft:crafted":{"minecraft:iron_axe":1,"minecraft:crafting_table":1,"minecraft:spruce_planks":28,"minecraft:stick":16,"minecraft:wooden_pickaxe":1,"minecraft:iron_ingot":7,"minecraft:iron_pickaxe":1,"minecraft:stone_pickaxe":2,"minecraft:furnace":1,"minecraft:stone_axe":1,"minecraft:air":0},"minecraft:used":{"minecraft:iron_axe":3,"minecraft:stone_pickaxe":45,"minecraft:iron_pickaxe":2,"minecraft:spruce_planks":8,"minecraft:wooden_pickaxe":44,"minecraft:brown_mushroom":1,"minecraft:stone_axe":21,"minecraft:dirt":35,"minecraft:cobblestone":35,"minecraft:crafting_table":2,"minecraft:furnace":1,"minecraft:snowball":1},"minecraft:custom":{"minecraft:time_since_rest":5338,"minecraft:interact_with_furnace":7,"minecraft:sprint_one_cm":55504,"minecraft:damage_taken":1113,"minecraft:walk_one_cm":52515,"minecraft:drop":14,"minecraft:damage_dealt":239,"minecraft:swim_one_cm":2812,"minecraft:interact_with_crafting_table":6,"minecraft:fly_one_cm":95779,"minecraft:crouch_one_cm":2452,"minecraft:play_time":35355,"minecraft:deaths":4,"minecraft:sneak_time":731,"minecraft:walk_under_water_one_cm":3540,"minecraft:jump":702,"minecraft:leave_game":5,"minecraft:walk_on_water_one_cm":11353,"minecraft:time_since_death":5219,"minecraft:total_world_time":35355,"minecraft:fall_one_cm":14527}},"DataVersion":3953}