{"stats":{"minecraft:used":{"minecraft:netherite_sword":3,"minecraft:stone_sword":12,"minecraft:iron_pickaxe":1,"minecraft:chest":1,"minecraft:shield":1,"minecraft:cooked_beef":4},"minecraft:custom":{"minecraft:damage_blocked_by_shield":60,"minecraft:time_since_rest":7235,"minecraft:walk_one_cm":5279,"minecraft:play_time":10049,"minecraft:interact_with_furnace":5,"minecraft:sprint_one_cm":18763,"minecraft:damage_taken":555,"minecraft:deaths":1,"minecraft:sneak_time":120,"minecraft:mob_kills":4,"minecraft:jump":221,"minecraft:damage_dealt":729,"minecraft:time_since_death":7198,"minecraft:total_world_time":10049,"minecraft:open_chest":1,"minecraft:interact_with_crafting_table":2,"minecraft:fall_one_cm":4433,"minecraft:fly_one_cm":54267},"minecraft:killed_by":{"minecraft:skeleton":1},"minecraft:mined":{"minecraft:short_grass":1,"minecraft:stone":1},"minecraft:picked_up":{"minecraft:cooked_beef":7,"minecraft:stone_sword":1,"minecraft:arrow":2,"minecraft:stone_axe":1,"minecraft:iron_ingot":5,"minecraft:cherry_log":15,"minecraft:iron_pickaxe":1,"minecraft:shield":1,"minecraft:cobblestone":2,"minecraft:stick":2},"minecraft:killed":{"minecraft:skeleton":3,"minecraft:zombie":1},"minecraft:crafted":{"minecraft:cherry_planks":60,"minecraft:chest":1}},"DataVersion":3953}