{"stats":{"minecraft:used":{"minecraft:iron_shovel":42,"minecraft:spruce_slab":94,"minecraft:chest":16,"minecraft:shield":30,"minecraft:iron_sword":329,"minecraft:bell":3,"minecraft:iron_chestplate":1,"minecraft:carrot":26,"minecraft:furnace_minecart":3,"minecraft:obsidian":10,"minecraft:spruce_boat":4,"minecraft:bow":29,"minecraft:furnace":2,"minecraft:potato":11,"minecraft:diamond_boots":1,"minecraft:oak_planks":6,"minecraft:blackstone":2,"minecraft:chainmail_helmet":1,"minecraft:composter":5,"minecraft:diamond_axe":184,"minecraft:sugar_cane":9,"minecraft:blast_furnace":1,"minecraft:bread":67,"minecraft:lectern":428,"minecraft:gravel":39,"minecraft:diamond_sword":189,"minecraft:grindstone":1,"minecraft:smithing_table":3,"minecraft:netherite_sword":3,"minecraft:stone_sword":137,"minecraft:flint_and_steel":2,"minecraft:stone_shovel":354,"minecraft:spruce_planks":145,"minecraft:stone_hoe":80,"minecraft:netherrack":138,"minecraft:orange_bed":9,"minecraft:torch":107,"minecraft:dirt":163,"minecraft:anvil":1,"minecraft:spruce_stairs":38,"minecraft:diamond_helmet":2,"minecraft:oak_fence_gate":4,"minecraft:bookshelf":14,"minecraft:spruce_button":18,"minecraft:diamond_chestplate":1,"minecraft:golden_carrot":82,"minecraft:minecart":5,"minecraft:cooked_beef":25,"minecraft:cobbled_deepslate":3,"minecraft:iron_leggings":1,"minecraft:wheat_seeds":63,"minecraft:water_bucket":80,"minecraft:fletching_table":5,"minecraft:cobblestone_slab":4,"minecraft:polished_blackstone_bricks":36,"minecraft:rail":107,"minecraft:crafting_table":7,"minecraft:red_bed":1,"minecraft:white_bed":7,"minecraft:spruce_log":158,"minecraft:diamond_pickaxe":4123,"minecraft:apple":2,"minecraft:cracked_polished_blackstone_bricks":1,"minecraft:iron_pickaxe":953,"minecraft:spruce_sapling":529,"minecraft:stone_axe":484,"minecraft:pink_petals":5,"minecraft:cobblestone":361,"minecraft:bucket":81,"minecraft:yellow_bed":9,"minecraft:stripped_oak_log":1,"minecraft:dandelion":1,"minecraft:diamond_leggings":1},"minecraft:custom":{"minecraft:interact_with_crafting_table":63,"minecraft:bell_ring":259,"minecraft:leave_game":13,"minecraft:time_since_death":303557,"minecraft:sprint_one_cm":2228214,"minecraft:damage_blocked_by_shield":1426,"minecraft:drop":400,"minecraft:talked_to_villager":1149,"minecraft:play_time":605700,"minecraft:deaths":5,"minecraft:jump":11006,"minecraft:walk_on_water_one_cm":43590,"minecraft:interact_with_furnace":38,"minecraft:traded_with_villager":708,"minecraft:sleep_in_bed":22,"minecraft:damage_dealt":41954,"minecraft:crouch_one_cm":81324,"minecraft:horse_one_cm":134440,"minecraft:interact_with_smithing_table":3,"minecraft:mob_kills":213,"minecraft:interact_with_anvil":10,"minecraft:climb_one_cm":6105,"minecraft:walk_one_cm":783428,"minecraft:sneak_time":30938,"minecraft:walk_under_water_one_cm":29214,"minecraft:boat_one_cm":351626,"minecraft:interact_with_blast_furnace":2,"minecraft:total_world_time":605700,"minecraft:interact_with_grindstone":4,"minecraft:time_since_rest":7034,"minecraft:damage_taken":9931,"minecraft:swim_one_cm":56348,"minecraft:fly_one_cm":2637093,"minecraft:open_chest":756,"minecraft:fall_one_cm":348799},"minecraft:picked_up":{"minecraft:wheat":43,"minecraft:smithing_table":3,"minecraft:lead":2,"minecraft:gilded_blackstone":3,"minecraft:brewing_stand":8,"minecraft:golden_sword":1,"minecraft:amethyst_block":3,"minecraft:polished_blackstone_brick_stairs":2,"minecraft:string":2,"minecraft:beetroot":1,"minecraft:diamond_leggings":2,"minecraft:gold_nugget":655,"minecraft:cobbled_deepslate":133,"minecraft:spruce_planks":131,"minecraft:calcite":6,"minecraft:iron_pickaxe":6,"minecraft:melon_slice":98,"minecraft:furnace":2,"minecraft:stick":452,"minecraft:composter":10,"minecraft:oak_fence":28,"minecraft:torch":37,"minecraft:spruce_stairs":10,"minecraft:porkchop":62,"minecraft:cherry_log":15,"minecraft:music_disc_pigstep":1,"minecraft:diorite":27,"minecraft:orange_bed":9,"minecraft:stone_sword":5,"minecraft:rotten_flesh":21,"minecraft:blaze_rod":13,"minecraft:obsidian":28,"minecraft:cobblestone":1758,"minecraft:furnace_minecart":2,"minecraft:pink_petals":33,"minecraft:magma_block":14,"minecraft:cooked_beef":53,"minecraft:magma_cream":2,"minecraft:cherry_planks":52,"minecraft:water_bucket":2,"minecraft:andesite":8,"minecraft:potato":23,"minecraft:smoker":3,"minecraft:flint":26,"minecraft:tuff":65,"minecraft:lapis_lazuli":63,"minecraft:dirt":1722,"minecraft:bone":10,"minecraft:bow":3,"minecraft:wheat_seeds":129,"minecraft:raw_gold":75,"minecraft:bell":4,"minecraft:rabbit":1,"minecraft:diamond_helmet":2,"minecraft:fletching_table":5,"minecraft:stone_hoe":1,"minecraft:oak_planks":5,"minecraft:oak_pressure_plate":1,"minecraft:nether_brick_stairs":3,"minecraft:mossy_cobblestone":13,"minecraft:diamond":164,"minecraft:spruce_boat":5,"minecraft:cracked_polished_blackstone_bricks":6,"minecraft:crossbow":1,"minecraft:granite":11,"minecraft:golden_apple":1,"minecraft:spruce_button":89,"minecraft:emerald":92,"minecraft:bread":269,"minecraft:oak_sapling":7,"minecraft:netherrack":2000,"minecraft:diamond_pickaxe":1,"minecraft:crafting_table":5,"minecraft:azure_bluet":32,"minecraft:nether_wart":40,"minecraft:gold_block":26,"minecraft:diamond_horse_armor":1,"minecraft:shield":6,"minecraft:red_bed":1,"minecraft:flint_and_steel":1,"minecraft:compass":2,"minecraft:blackstone":26,"minecraft:cartography_table":6,"minecraft:beef":15,"minecraft:minecart":5,"minecraft:poppy":23,"minecraft:spruce_slab":147,"minecraft:lectern":434,"minecraft:sugar_cane":9,"minecraft:chest":7,"minecraft:raw_iron":26,"minecraft:polished_blackstone_bricks":114,"minecraft:carrot":55,"minecraft:redstone":145,"minecraft:stone_shovel":3,"minecraft:arrow":196,"minecraft:diamond_chestplate":2,"minecraft:beetroot_seeds":3,"minecraft:diamond_boots":2,"minecraft:hay_block":96,"minecraft:gold_ingot":5,"minecraft:mutton":21,"minecraft:rail":90,"minecraft:white_wool":18,"minecraft:stripped_oak_log":4,"minecraft:basalt":5,"minecraft:golden_carrot":67,"minecraft:leather":22,"minecraft:oak_log":54,"minecraft:ancient_debris":35,"minecraft:gunpowder":1,"minecraft:yellow_bed":11,"minecraft:cobblestone_wall":4,"minecraft:cobblestone_stairs":16,"minecraft:paper":19,"minecraft:cooked_mutton":20,"minecraft:apple":21,"minecraft:warped_stem":54,"minecraft:iron_ingot":132,"minecraft:stone_pickaxe":6,"minecraft:soul_sand":40,"minecraft:iron_sword":2,"minecraft:book":36,"minecraft:smooth_basalt":4,"minecraft:quartz":16,"minecraft:dandelion":44,"minecraft:gravel":187,"minecraft:amethyst_shard":8,"minecraft:spruce_sapling":685,"minecraft:blast_furnace":1,"minecraft:white_bed":8,"minecraft:spruce_log":7675,"minecraft:spider_eye":1,"minecraft:stone_axe":13,"minecraft:diamond_axe":1,"minecraft:coal":73},"minecraft:broken":{"minecraft:stone_axe":1,"minecraft:stone_shovel":1,"minecraft:stone_sword":1,"minecraft:iron_pickaxe":3},"minecraft:killed":{"minecraft:spider":6,"minecraft:skeleton":16,"minecraft:piglin_brute":11,"minecraft:magma_cube":53,"minecraft:piglin":16,"minecraft:pig":11,"minecraft:iron_golem":14,"minecraft:creeper":2,"minecraft:sheep":14,"minecraft:trader_llama":1,"minecraft:donkey":1,"minecraft:zombie":13,"minecraft:ghast":1,"minecraft:blaze":27,"minecraft:cow":8,"minecraft:drowned":2,"minecraft:hoglin":7,"minecraft:wither_skeleton":1,"minecraft:villager":1},"minecraft:mined":{"minecraft:spruce_planks":28,"minecraft:white_bed":8,"minecraft:cobblestone_stairs":8,"minecraft:sculk_vein":4,"minecraft:brewing_stand":4,"minecraft:obsidian":14,"minecraft:granite":11,"minecraft:budding_amethyst":1,"minecraft:chiseled_polished_blackstone":6,"minecraft:grass_block":63,"minecraft:cracked_polished_blackstone_bricks":5,"minecraft:oak_pressure_plate":1,"minecraft:composter":8,"minecraft:nether_wart":12,"minecraft:polished_blackstone_bricks":71,"minecraft:magma_block":15,"minecraft:iron_ore":9,"minecraft:fire":18,"minecraft:fletching_table":4,"minecraft:deepslate_lapis_ore":11,"minecraft:azure_bluet":12,"minecraft:nether_brick_stairs":3,"minecraft:dirt_path":48,"minecraft:oak_stairs":1,"minecraft:spruce_slab":72,"minecraft:orange_bed":10,"minecraft:deepslate_redstone_ore":32,"minecraft:red_bed":1,"minecraft:blackstone":28,"minecraft:smoker":1,"minecraft:amethyst_cluster":2,"minecraft:torch":2,"minecraft:blast_furnace":1,"minecraft:calcite":4,"minecraft:melon":11,"minecraft:chest":6,"minecraft:nether_quartz_ore":17,"minecraft:cobblestone":136,"minecraft:sugar_cane":1,"minecraft:oak_planks":1,"minecraft:wall_torch":2,"minecraft:amethyst_block":3,"minecraft:pink_petals":1,"minecraft:warped_nylium":3,"minecraft:wheat":38,"minecraft:oak_log":7,"minecraft:beetroots":2,"minecraft:dirt":105,"minecraft:smooth_basalt":4,"minecraft:ancient_debris":33,"minecraft:netherrack":2840,"minecraft:oak_leaves":3,"minecraft:deepslate":347,"minecraft:nether_gold_ore":161,"minecraft:tuff":76,"minecraft:mossy_cobblestone":6,"minecraft:deepslate_diamond_ore":134,"minecraft:nether_bricks":1,"minecraft:spruce_leaves":99,"minecraft:cartography_table":3,"minecraft:hay_block":94,"minecraft:furnace":1,"minecraft:spruce_sapling":26,"minecraft:carrots":19,"minecraft:acacia_wood":1,"minecraft:andesite":8,"minecraft:gold_block":21,"minecraft:bell":3,"minecraft:bookshelf":14,"minecraft:potatoes":6,"minecraft:rail":27,"minecraft:deepslate_iron_ore":11,"minecraft:stone":844,"minecraft:podzol":10,"minecraft:smithing_table":3,"minecraft:soul_sand":40,"minecraft:basalt":6,"minecraft:dandelion":28,"minecraft:crafting_table":4,"minecraft:short_grass":221,"minecraft:emerald_ore":3,"minecraft:lectern":429,"minecraft:tall_grass":35,"minecraft:deepslate_gold_ore":71,"minecraft:polished_blackstone_brick_stairs":2,"minecraft:sculk":11,"minecraft:diorite":27,"minecraft:spruce_stairs":8,"minecraft:cobblestone_wall":5,"minecraft:yellow_bed":11,"minecraft:coal_ore":35,"minecraft:gravel":158,"minecraft:gold_ore":4},"minecraft:dropped":{"minecraft:iron_sword":1,"minecraft:diamond_axe":1,"minecraft:cooked_beef":12,"minecraft:oak_log":28,"minecraft:diamond":65,"minecraft:cookie":144,"minecraft:emerald":44,"minecraft:dirt":27,"minecraft:netherite_scrap":8,"minecraft:mutton":1,"minecraft:gravel":80,"minecraft:stone_axe":9,"minecraft:blackstone":23,"minecraft:cobbled_deepslate":3,"minecraft:wheat":23,"minecraft:beetroot":1,"minecraft:rotten_flesh":6,"minecraft:oak_planks":4,"minecraft:azure_bluet":17,"minecraft:warped_planks":148,"minecraft:carrot":29,"minecraft:poppy":14,"minecraft:beetroot_seeds":3,"minecraft:chainmail_boots":12,"minecraft:spruce_slab":1,"minecraft:basalt":1,"minecraft:netherrack":1311,"minecraft:lectern":6,"minecraft:iron_ingot":6,"minecraft:bread":125,"minecraft:wheat_seeds":53,"minecraft:minecart":2,"minecraft:bookshelf":2,"minecraft:oak_fence":8,"minecraft:lead":2,"minecraft:book":9,"minecraft:cobblestone":92,"minecraft:granite":7,"minecraft:spruce_button":7,"minecraft:chainmail_helmet":15,"minecraft:stick":194,"minecraft:rabbit":1,"minecraft:cherry_planks":52,"minecraft:map":2,"minecraft:iron_leggings":1,"minecraft:iron_shovel":1,"minecraft:pink_petals":28,"minecraft:bucket":1,"minecraft:spruce_sapling":1,"minecraft:smooth_basalt":1,"minecraft:dandelion":26,"minecraft:furnace":1,"minecraft:stone_sword":2,"minecraft:stone_shovel":1,"minecraft:iron_boots":11,"minecraft:stripped_oak_log":3,"minecraft:flint_and_steel":1,"minecraft:suspicious_stew":7,"minecraft:potato":12,"minecraft:cobblestone_slab":2,"minecraft:spruce_boat":1,"minecraft:shield":2,"minecraft:spruce_planks":1,"minecraft:diamond_pickaxe":2,"minecraft:iron_chestplate":3,"minecraft:golden_sword":1,"minecraft:spruce_log":2111,"minecraft:stone_pickaxe":2,"minecraft:brick_slab":1,"minecraft:calcite":4,"minecraft:magma_block":14},"minecraft:crafted":{"minecraft:grindstone":1,"minecraft:oak_planks":104,"minecraft:stone":3,"minecraft:bookshelf":16,"minecraft:suspicious_stew":7,"minecraft:warped_planks":216,"minecraft:bow":1,"minecraft:chest":13,"minecraft:netherite_upgrade_smithing_template":8,"minecraft:rail":80,"minecraft:stone_hoe":1,"minecraft:furnace_minecart":1,"minecraft:arrow":80,"minecraft:emerald":607,"minecraft:crafting_table":5,"minecraft:spruce_planks":10932,"minecraft:smithing_table":1,"minecraft:gold_block":44,"minecraft:fletching_table":1,"minecraft:apple":48,"minecraft:diamond_pickaxe":3,"minecraft:stick":22240,"minecraft:stone_slab":6,"minecraft:iron_ingot":9,"minecraft:iron_pickaxe":4,"minecraft:gold_ingot":418,"minecraft:netherite_ingot":8,"minecraft:golden_carrot":87,"minecraft:cherry_planks":60,"minecraft:cookie":8,"minecraft:stone_shovel":4,"minecraft:furnace":2,"minecraft:flint_and_steel":2,"minecraft:spruce_stairs":32,"minecraft:spruce_slab":60,"minecraft:stone_pickaxe":2,"minecraft:spruce_boat":2,"minecraft:netherite_scrap":38,"minecraft:minecart":3,"minecraft:wheat":630,"minecraft:cooked_beef":15,"minecraft:iron_sword":1,"minecraft:bucket":2,"minecraft:stone_axe":104,"minecraft:enchanted_book":14,"minecraft:bread":270,"minecraft:air":0,"minecraft:oak_fence_gate":4,"minecraft:anvil":1,"minecraft:torch":144},"minecraft:killed_by":{"minecraft:drowned":1,"minecraft:zombie":1,"minecraft:skeleton":2}},"DataVersion":3953}