{"stats":{"minecraft:used":{"minecraft:iron_shovel":4,"minecraft:spruce_slab":80,"minecraft:chest":16,"minecraft:shield":30,"minecraft:iron_sword":329,"minecraft:bell":1,"minecraft:iron_chestplate":1,"minecraft:carrot":26,"minecraft:furnace_minecart":3,"minecraft:obsidian":10,"minecraft:spruce_boat":2,"minecraft:bow":29,"minecraft:furnace":2,"minecraft:potato":11,"minecraft:diamond_boots":1,"minecraft:oak_planks":6,"minecraft:blackstone":2,"minecraft:chainmail_helmet":1,"minecraft:composter":5,"minecraft:blast_furnace":1,"minecraft:bread":67,"minecraft:lectern":88,"minecraft:gravel":5,"minecraft:diamond_sword":105,"minecraft:grindstone":1,"minecraft:smithing_table":2,"minecraft:netherite_sword":3,"minecraft:stone_sword":137,"minecraft:flint_and_steel":1,"minecraft:stone_shovel":354,"minecraft:spruce_planks":142,"minecraft:stone_hoe":80,"minecraft:netherrack":138,"minecraft:orange_bed":9,"minecraft:torch":102,"minecraft:dirt":153,"minecraft:anvil":1,"minecraft:spruce_stairs":32,"minecraft:diamond_helmet":2,"minecraft:oak_fence_gate":4,"minecraft:bookshelf":9,"minecraft:diamond_chestplate":1,"minecraft:golden_carrot":60,"minecraft:minecart":5,"minecraft:cooked_beef":25,"minecraft:cobbled_deepslate":3,"minecraft:iron_leggings":1,"minecraft:wheat_seeds":63,"minecraft:water_bucket":67,"minecraft:fletching_table":5,"minecraft:polished_blackstone_bricks":36,"minecraft:rail":101,"minecraft:crafting_table":6,"minecraft:red_bed":1,"minecraft:white_bed":7,"minecraft:spruce_log":132,"minecraft:diamond_pickaxe":4054,"minecraft:apple":2,"minecraft:cracked_polished_blackstone_bricks":1,"minecraft:iron_pickaxe":953,"minecraft:spruce_sapling":337,"minecraft:stone_axe":299,"minecraft:pink_petals":5,"minecraft:cobblestone":347,"minecraft:bucket":68,"minecraft:yellow_bed":9,"minecraft:diamond_leggings":1},"minecraft:custom":{"minecraft:interact_with_crafting_table":56,"minecraft:bell_ring":107,"minecraft:leave_game":10,"minecraft:time_since_death":159182,"minecraft:sprint_one_cm":1769962,"minecraft:damage_blocked_by_shield":1426,"minecraft:drop":349,"minecraft:talked_to_villager":331,"minecraft:play_time":461325,"minecraft:deaths":5,"minecraft:jump":8875,"minecraft:walk_on_water_one_cm":41605,"minecraft:interact_with_furnace":37,"minecraft:traded_with_villager":437,"minecraft:sleep_in_bed":17,"minecraft:damage_dealt":37034,"minecraft:crouch_one_cm":73124,"minecraft:interact_with_smithing_table":3,"minecraft:mob_kills":205,"minecraft:interact_with_anvil":9,"minecraft:climb_one_cm":156,"minecraft:walk_one_cm":623614,"minecraft:sneak_time":27737,"minecraft:walk_under_water_one_cm":27309,"minecraft:boat_one_cm":345876,"minecraft:interact_with_blast_furnace":2,"minecraft:total_world_time":461325,"minecraft:interact_with_grindstone":4,"minecraft:time_since_rest":9891,"minecraft:damage_taken":8892,"minecraft:swim_one_cm":55654,"minecraft:fly_one_cm":2226794,"minecraft:open_chest":559,"minecraft:fall_one_cm":284927},"minecraft:picked_up":{"minecraft:wheat":43,"minecraft:smithing_table":2,"minecraft:lead":1,"minecraft:gilded_blackstone":3,"minecraft:brewing_stand":8,"minecraft:golden_sword":1,"minecraft:amethyst_block":3,"minecraft:polished_blackstone_brick_stairs":2,"minecraft:beetroot":1,"minecraft:diamond_leggings":2,"minecraft:gold_nugget":655,"minecraft:cobbled_deepslate":133,"minecraft:spruce_planks":129,"minecraft:calcite":6,"minecraft:iron_pickaxe":6,"minecraft:melon_slice":98,"minecraft:furnace":2,"minecraft:stick":331,"minecraft:composter":10,"minecraft:oak_fence":20,"minecraft:torch":32,"minecraft:spruce_stairs":10,"minecraft:porkchop":62,"minecraft:cherry_log":15,"minecraft:music_disc_pigstep":1,"minecraft:diorite":27,"minecraft:orange_bed":9,"minecraft:stone_sword":5,"minecraft:rotten_flesh":20,"minecraft:blaze_rod":13,"minecraft:obsidian":28,"minecraft:cobblestone":1722,"minecraft:furnace_minecart":2,"minecraft:pink_petals":33,"minecraft:magma_block":14,"minecraft:cooked_beef":53,"minecraft:magma_cream":2,"minecraft:cherry_planks":52,"minecraft:water_bucket":2,"minecraft:andesite":8,"minecraft:potato":23,"minecraft:smoker":3,"minecraft:flint":25,"minecraft:tuff":65,"minecraft:lapis_lazuli":63,"minecraft:dirt":376,"minecraft:bone":10,"minecraft:bow":3,"minecraft:wheat_seeds":129,"minecraft:raw_gold":75,"minecraft:bell":3,"minecraft:rabbit":1,"minecraft:diamond_helmet":2,"minecraft:fletching_table":5,"minecraft:oak_planks":5,"minecraft:stone_hoe":1,"minecraft:oak_pressure_plate":1,"minecraft:nether_brick_stairs":3,"minecraft:mossy_cobblestone":13,"minecraft:diamond":164,"minecraft:spruce_boat":3,"minecraft:cracked_polished_blackstone_bricks":6,"minecraft:crossbow":1,"minecraft:granite":11,"minecraft:golden_apple":1,"minecraft:spruce_button":64,"minecraft:emerald":92,"minecraft:bread":269,"minecraft:oak_sapling":7,"minecraft:netherrack":2000,"minecraft:diamond_pickaxe":1,"minecraft:crafting_table":4,"minecraft:azure_bluet":32,"minecraft:nether_wart":40,"minecraft:gold_block":26,"minecraft:shield":6,"minecraft:red_bed":1,"minecraft:flint_and_steel":1,"minecraft:compass":2,"minecraft:blackstone":26,"minecraft:cartography_table":6,"minecraft:beef":15,"minecraft:lectern":94,"minecraft:poppy":19,"minecraft:spruce_slab":134,"minecraft:minecart":5,"minecraft:chest":7,"minecraft:raw_iron":26,"minecraft:polished_blackstone_bricks":114,"minecraft:carrot":55,"minecraft:redstone":145,"minecraft:arrow":196,"minecraft:stone_shovel":3,"minecraft:diamond_chestplate":2,"minecraft:beetroot_seeds":3,"minecraft:diamond_boots":2,"minecraft:hay_block":96,"minecraft:gold_ingot":5,"minecraft:mutton":20,"minecraft:white_wool":18,"minecraft:rail":83,"minecraft:basalt":5,"minecraft:golden_carrot":67,"minecraft:leather":22,"minecraft:oak_log":25,"minecraft:ancient_debris":35,"minecraft:cobblestone_wall":2,"minecraft:yellow_bed":11,"minecraft:gunpowder":1,"minecraft:cobblestone_stairs":16,"minecraft:paper":19,"minecraft:cooked_mutton":20,"minecraft:apple":21,"minecraft:warped_stem":54,"minecraft:iron_ingot":116,"minecraft:stone_pickaxe":6,"minecraft:soul_sand":40,"minecraft:iron_sword":2,"minecraft:book":24,"minecraft:smooth_basalt":4,"minecraft:quartz":16,"minecraft:dandelion":40,"minecraft:gravel":156,"minecraft:amethyst_shard":8,"minecraft:spruce_sapling":425,"minecraft:blast_furnace":1,"minecraft:white_bed":8,"minecraft:spruce_log":4740,"minecraft:spider_eye":1,"minecraft:stone_axe":13,"minecraft:coal":73},"minecraft:broken":{"minecraft:stone_shovel":1,"minecraft:stone_sword":1,"minecraft:iron_pickaxe":3},"minecraft:killed":{"minecraft:spider":5,"minecraft:skeleton":16,"minecraft:piglin_brute":11,"minecraft:magma_cube":53,"minecraft:piglin":16,"minecraft:pig":11,"minecraft:iron_golem":10,"minecraft:creeper":2,"minecraft:sheep":12,"minecraft:trader_llama":1,"minecraft:zombie":13,"minecraft:ghast":1,"minecraft:blaze":27,"minecraft:cow":8,"minecraft:drowned":2,"minecraft:hoglin":7,"minecraft:wither_skeleton":1,"minecraft:villager":1},"minecraft:mined":{"minecraft:spruce_planks":26,"minecraft:white_bed":8,"minecraft:cobblestone_stairs":8,"minecraft:sculk_vein":4,"minecraft:brewing_stand":4,"minecraft:obsidian":14,"minecraft:granite":11,"minecraft:budding_amethyst":1,"minecraft:chiseled_polished_blackstone":6,"minecraft:grass_block":61,"minecraft:cracked_polished_blackstone_bricks":5,"minecraft:oak_pressure_plate":1,"minecraft:composter":8,"minecraft:nether_wart":12,"minecraft:polished_blackstone_bricks":71,"minecraft:magma_block":15,"minecraft:iron_ore":9,"minecraft:fire":17,"minecraft:deepslate_lapis_ore":11,"minecraft:fletching_table":4,"minecraft:azure_bluet":12,"minecraft:nether_brick_stairs":3,"minecraft:dirt_path":45,"minecraft:spruce_slab":56,"minecraft:orange_bed":10,"minecraft:deepslate_redstone_ore":32,"minecraft:red_bed":1,"minecraft:blackstone":28,"minecraft:smoker":1,"minecraft:amethyst_cluster":2,"minecraft:torch":1,"minecraft:blast_furnace":1,"minecraft:calcite":4,"minecraft:melon":11,"minecraft:chest":6,"minecraft:nether_quartz_ore":17,"minecraft:cobblestone":89,"minecraft:oak_planks":1,"minecraft:wall_torch":2,"minecraft:amethyst_block":3,"minecraft:pink_petals":1,"minecraft:warped_nylium":3,"minecraft:wheat":38,"minecraft:oak_log":6,"minecraft:beetroots":2,"minecraft:dirt":102,"minecraft:smooth_basalt":4,"minecraft:ancient_debris":33,"minecraft:netherrack":2838,"minecraft:deepslate":347,"minecraft:nether_gold_ore":161,"minecraft:tuff":76,"minecraft:mossy_cobblestone":6,"minecraft:deepslate_diamond_ore":134,"minecraft:nether_bricks":1,"minecraft:spruce_leaves":75,"minecraft:cartography_table":3,"minecraft:hay_block":94,"minecraft:furnace":1,"minecraft:spruce_sapling":18,"minecraft:carrots":19,"minecraft:acacia_wood":1,"minecraft:andesite":8,"minecraft:gold_block":21,"minecraft:bell":2,"minecraft:bookshelf":9,"minecraft:potatoes":6,"minecraft:deepslate_iron_ore":11,"minecraft:rail":21,"minecraft:stone":839,"minecraft:podzol":10,"minecraft:smithing_table":2,"minecraft:soul_sand":40,"minecraft:basalt":6,"minecraft:dandelion":25,"minecraft:crafting_table":3,"minecraft:short_grass":197,"minecraft:emerald_ore":3,"minecraft:lectern":89,"minecraft:tall_grass":31,"minecraft:deepslate_gold_ore":71,"minecraft:polished_blackstone_brick_stairs":2,"minecraft:sculk":11,"minecraft:diorite":27,"minecraft:spruce_stairs":8,"minecraft:cobblestone_wall":2,"minecraft:yellow_bed":11,"minecraft:coal_ore":35,"minecraft:gravel":125,"minecraft:gold_ore":4},"minecraft:dropped":{"minecraft:iron_sword":1,"minecraft:cooked_beef":12,"minecraft:diamond":65,"minecraft:cookie":144,"minecraft:emerald":44,"minecraft:dirt":13,"minecraft:netherite_scrap":8,"minecraft:gravel":16,"minecraft:stone_axe":9,"minecraft:blackstone":23,"minecraft:cobbled_deepslate":3,"minecraft:wheat":23,"minecraft:beetroot":1,"minecraft:rotten_flesh":5,"minecraft:oak_planks":4,"minecraft:azure_bluet":17,"minecraft:warped_planks":148,"minecraft:carrot":29,"minecraft:poppy":11,"minecraft:beetroot_seeds":3,"minecraft:chainmail_boots":12,"minecraft:basalt":1,"minecraft:netherrack":1311,"minecraft:lectern":6,"minecraft:iron_ingot":3,"minecraft:bread":125,"minecraft:wheat_seeds":53,"minecraft:minecart":2,"minecraft:lead":1,"minecraft:book":9,"minecraft:cobblestone":88,"minecraft:granite":7,"minecraft:chainmail_helmet":15,"minecraft:stick":134,"minecraft:rabbit":1,"minecraft:cherry_planks":52,"minecraft:map":2,"minecraft:iron_leggings":1,"minecraft:pink_petals":28,"minecraft:bucket":1,"minecraft:smooth_basalt":1,"minecraft:dandelion":23,"minecraft:furnace":1,"minecraft:stone_sword":2,"minecraft:stone_shovel":1,"minecraft:iron_boots":11,"minecraft:suspicious_stew":7,"minecraft:potato":12,"minecraft:shield":2,"minecraft:spruce_planks":1,"minecraft:diamond_pickaxe":2,"minecraft:iron_chestplate":3,"minecraft:golden_sword":1,"minecraft:spruce_log":807,"minecraft:stone_pickaxe":2,"minecraft:calcite":4,"minecraft:magma_block":14},"minecraft:crafted":{"minecraft:grindstone":1,"minecraft:oak_planks":100,"minecraft:stone":3,"minecraft:bookshelf":9,"minecraft:suspicious_stew":7,"minecraft:warped_planks":216,"minecraft:bow":1,"minecraft:chest":12,"minecraft:netherite_upgrade_smithing_template":8,"minecraft:rail":80,"minecraft:stone_hoe":1,"minecraft:furnace_minecart":1,"minecraft:arrow":80,"minecraft:emerald":353,"minecraft:crafting_table":4,"minecraft:spruce_planks":5784,"minecraft:smithing_table":1,"minecraft:gold_block":44,"minecraft:fletching_table":1,"minecraft:apple":48,"minecraft:diamond_pickaxe":3,"minecraft:stick":11944,"minecraft:stone_slab":6,"minecraft:iron_ingot":9,"minecraft:iron_pickaxe":4,"minecraft:gold_ingot":418,"minecraft:netherite_ingot":8,"minecraft:golden_carrot":63,"minecraft:cherry_planks":60,"minecraft:cookie":8,"minecraft:stone_shovel":4,"minecraft:furnace":2,"minecraft:flint_and_steel":1,"minecraft:spruce_stairs":32,"minecraft:spruce_slab":60,"minecraft:stone_pickaxe":2,"minecraft:spruce_boat":1,"minecraft:netherite_scrap":38,"minecraft:minecart":3,"minecraft:wheat":630,"minecraft:cooked_beef":15,"minecraft:iron_sword":1,"minecraft:bucket":2,"minecraft:stone_axe":71,"minecraft:enchanted_book":12,"minecraft:bread":270,"minecraft:air":0,"minecraft:oak_fence_gate":4,"minecraft:anvil":1,"minecraft:torch":144},"minecraft:killed_by":{"minecraft:drowned":1,"minecraft:zombie":1,"minecraft:skeleton":2}},"DataVersion":3953}