{"stats":{"minecraft:used":{"minecraft:iron_shovel":42,"minecraft:spruce_slab":185,"minecraft:chest":18,"minecraft:shield":30,"minecraft:iron_sword":329,"minecraft:bell":3,"minecraft:iron_chestplate":1,"minecraft:soul_sand":10,"minecraft:carrot":26,"minecraft:furnace_minecart":3,"minecraft:obsidian":10,"minecraft:spruce_boat":4,"minecraft:bow":38,"minecraft:furnace":2,"minecraft:potato":11,"minecraft:diorite":6,"minecraft:diamond_boots":1,"minecraft:wither_skeleton_skull":4,"minecraft:oak_planks":6,"minecraft:blackstone":2,"minecraft:ender_pearl":3,"minecraft:chainmail_helmet":1,"minecraft:composter":5,"minecraft:diamond_axe":666,"minecraft:sugar_cane":9,"minecraft:blast_furnace":1,"minecraft:netherite_helmet":1,"minecraft:bread":67,"minecraft:string":2,"minecraft:lectern":726,"minecraft:gravel":39,"minecraft:diamond_sword":328,"minecraft:grindstone":1,"minecraft:smithing_table":3,"minecraft:oak_boat":5,"minecraft:netherite_sword":3,"minecraft:stone_sword":137,"minecraft:flint_and_steel":2,"minecraft:stone_shovel":354,"minecraft:spruce_planks":146,"minecraft:stone_hoe":80,"minecraft:netherrack":163,"minecraft:orange_bed":12,"minecraft:torch":138,"minecraft:brewing_stand":2,"minecraft:dirt":519,"minecraft:anvil":2,"minecraft:spruce_stairs":38,"minecraft:diamond_helmet":2,"minecraft:oak_fence_gate":4,"minecraft:bookshelf":15,"minecraft:iron_block":4,"minecraft:spruce_button":18,"minecraft:diamond_chestplate":1,"minecraft:tripwire_hook":2,"minecraft:golden_carrot":128,"minecraft:emerald_block":69,"minecraft:minecart":5,"minecraft:cooked_beef":25,"minecraft:cobbled_deepslate":3,"minecraft:iron_leggings":1,"minecraft:wheat_seeds":63,"minecraft:water_bucket":100,"minecraft:beacon":1,"minecraft:fletching_table":5,"minecraft:cobblestone_slab":4,"minecraft:polished_blackstone_bricks":36,"minecraft:rail":107,"minecraft:crafting_table":8,"minecraft:red_bed":1,"minecraft:white_bed":11,"minecraft:spruce_log":158,"minecraft:diamond_pickaxe":7707,"minecraft:apple":2,"minecraft:diamond_shovel":11,"minecraft:cracked_polished_blackstone_bricks":1,"minecraft:iron_pickaxe":953,"minecraft:spruce_sapling":691,"minecraft:stone_axe":485,"minecraft:pink_petals":5,"minecraft:cobblestone":367,"minecraft:bucket":101,"minecraft:yellow_bed":22,"minecraft:stripped_oak_log":1,"minecraft:dandelion":1,"minecraft:diamond_leggings":1},"minecraft:custom":{"minecraft:interact_with_crafting_table":78,"minecraft:bell_ring":259,"minecraft:leave_game":18,"minecraft:time_since_death":112362,"minecraft:sprint_one_cm":3238918,"minecraft:damage_blocked_by_shield":1426,"minecraft:drop":450,"minecraft:talked_to_villager":2466,"minecraft:play_time":820557,"minecraft:deaths":7,"minecraft:jump":14866,"minecraft:interact_with_brewingstand":1,"minecraft:walk_on_water_one_cm":54749,"minecraft:interact_with_furnace":49,"minecraft:traded_with_villager":1446,"minecraft:sleep_in_bed":36,"minecraft:damage_dealt":53830,"minecraft:interact_with_beacon":2,"minecraft:crouch_one_cm":111883,"minecraft:horse_one_cm":134440,"minecraft:interact_with_smithing_table":4,"minecraft:mob_kills":250,"minecraft:interact_with_anvil":19,"minecraft:climb_one_cm":14275,"minecraft:walk_one_cm":1077359,"minecraft:sneak_time":39496,"minecraft:walk_under_water_one_cm":51237,"minecraft:boat_one_cm":363053,"minecraft:interact_with_blast_furnace":2,"minecraft:total_world_time":820557,"minecraft:interact_with_grindstone":7,"minecraft:time_since_rest":10738,"minecraft:damage_taken":12813,"minecraft:swim_one_cm":92541,"minecraft:fly_one_cm":3879749,"minecraft:open_chest":1014,"minecraft:fall_one_cm":452304},"minecraft:picked_up":{"minecraft:wheat":43,"minecraft:smithing_table":3,"minecraft:lead":2,"minecraft:diamond_sword":3,"minecraft:oak_stairs":18,"minecraft:enchanted_book":2,"minecraft:gilded_blackstone":3,"minecraft:brewing_stand":12,"minecraft:golden_sword":1,"minecraft:amethyst_block":3,"minecraft:polished_blackstone_brick_stairs":2,"minecraft:string":11,"minecraft:raw_copper":36,"minecraft:beetroot":1,"minecraft:diamond_leggings":3,"minecraft:gold_nugget":655,"minecraft:cobbled_deepslate":133,"minecraft:spruce_planks":133,"minecraft:calcite":6,"minecraft:iron_pickaxe":6,"minecraft:melon_slice":98,"minecraft:furnace":2,"minecraft:stick":512,"minecraft:composter":10,"minecraft:oak_fence":31,"minecraft:torch":113,"minecraft:spruce_stairs":10,"minecraft:porkchop":62,"minecraft:cherry_log":15,"minecraft:music_disc_pigstep":1,"minecraft:diorite":199,"minecraft:orange_bed":12,"minecraft:stone_sword":6,"minecraft:rotten_flesh":21,"minecraft:iron_block":13,"minecraft:white_terracotta":31,"minecraft:netherite_chestplate":3,"minecraft:blaze_rod":30,"minecraft:obsidian":34,"minecraft:cobblestone":6245,"minecraft:furnace_minecart":2,"minecraft:pink_petals":33,"minecraft:magma_block":14,"minecraft:cooked_beef":53,"minecraft:magma_cream":3,"minecraft:cherry_planks":52,"minecraft:water_bucket":5,"minecraft:andesite":212,"minecraft:beacon":1,"minecraft:potato":23,"minecraft:smoker":3,"minecraft:flint":26,"minecraft:tuff":65,"minecraft:wither_skeleton_skull":2,"minecraft:netherite_leggings":2,"minecraft:lapis_lazuli":64,"minecraft:dirt":3927,"minecraft:bone":33,"minecraft:bow":5,"minecraft:wheat_seeds":151,"minecraft:raw_gold":75,"minecraft:bell":4,"minecraft:rabbit":1,"minecraft:diamond_helmet":3,"minecraft:fletching_table":5,"minecraft:stone_hoe":1,"minecraft:oak_planks":98,"minecraft:oak_pressure_plate":1,"minecraft:sand":11,"minecraft:nether_brick_stairs":3,"minecraft:mossy_cobblestone":24,"minecraft:diamond":164,"minecraft:netherite_helmet":2,"minecraft:spruce_boat":5,"minecraft:cracked_polished_blackstone_bricks":6,"minecraft:crossbow":1,"minecraft:granite":71,"minecraft:golden_apple":10,"minecraft:spruce_button":89,"minecraft:emerald":144,"minecraft:bread":322,"minecraft:oak_sapling":7,"minecraft:netherrack":2043,"minecraft:nether_star":1,"minecraft:diamond_pickaxe":3,"minecraft:fishing_rod":1,"minecraft:crafting_table":7,"minecraft:azure_bluet":60,"minecraft:nether_wart":40,"minecraft:gold_block":61,"minecraft:diamond_horse_armor":1,"minecraft:shield":8,"minecraft:oak_trapdoor":8,"minecraft:red_bed":1,"minecraft:flint_and_steel":1,"minecraft:compass":2,"minecraft:blackstone":26,"minecraft:cartography_table":6,"minecraft:beef":15,"minecraft:oak_boat":6,"minecraft:minecart":5,"minecraft:poppy":32,"minecraft:spruce_slab":238,"minecraft:lectern":732,"minecraft:sugar_cane":9,"minecraft:chest":7,"minecraft:raw_iron":27,"minecraft:oak_door":2,"minecraft:polished_blackstone_bricks":114,"minecraft:carrot":55,"minecraft:redstone":145,"minecraft:tnt":9,"minecraft:stone_shovel":3,"minecraft:arrow":200,"minecraft:diamond_chestplate":2,"minecraft:beetroot_seeds":3,"minecraft:diamond_boots":2,"minecraft:hay_block":112,"minecraft:gold_ingot":5,"minecraft:oxeye_daisy":1,"minecraft:mutton":21,"minecraft:rail":90,"minecraft:white_wool":18,"minecraft:stripped_oak_log":8,"minecraft:netherite_boots":2,"minecraft:basalt":5,"minecraft:golden_carrot":122,"minecraft:tripwire_hook":2,"minecraft:leather":22,"minecraft:oak_log":54,"minecraft:ancient_debris":35,"minecraft:gunpowder":4,"minecraft:yellow_bed":24,"minecraft:cobblestone_wall":4,"minecraft:cobblestone_stairs":18,"minecraft:paper":19,"minecraft:cooked_mutton":20,"minecraft:apple":21,"minecraft:warped_stem":54,"minecraft:iron_ingot":152,"minecraft:stone_pickaxe":6,"minecraft:stripped_oak_wood":1,"minecraft:soul_sand":71,"minecraft:iron_sword":2,"minecraft:book":56,"minecraft:emerald_block":52,"minecraft:warped_fungus":1,"minecraft:smooth_basalt":4,"minecraft:quartz":16,"minecraft:dandelion":64,"minecraft:gravel":213,"minecraft:amethyst_shard":8,"minecraft:spruce_sapling":801,"minecraft:blast_furnace":4,"minecraft:white_bed":12,"minecraft:spruce_log":11637,"minecraft:spider_eye":2,"minecraft:diamond_shovel":2,"minecraft:stone_axe":19,"minecraft:diamond_axe":5,"minecraft:warped_roots":2,"minecraft:coal":126,"minecraft:ender_pearl":12},"minecraft:broken":{"minecraft:stone_axe":1,"minecraft:stone_shovel":1,"minecraft:stone_sword":1,"minecraft:iron_pickaxe":3},"minecraft:killed":{"minecraft:spider":9,"minecraft:skeleton":20,"minecraft:piglin_brute":11,"minecraft:magma_cube":54,"minecraft:piglin":17,"minecraft:pig":11,"minecraft:iron_golem":18,"minecraft:creeper":4,"minecraft:sheep":14,"minecraft:trader_llama":1,"minecraft:donkey":1,"minecraft:zombie":14,"minecraft:ghast":1,"minecraft:blaze":36,"minecraft:cow":8,"minecraft:drowned":4,"minecraft:hoglin":7,"minecraft:wither_skeleton":6,"minecraft:villager":1,"minecraft:enderman":5},"minecraft:mined":{"minecraft:spruce_planks":34,"minecraft:white_bed":12,"minecraft:cobblestone_stairs":10,"minecraft:sculk_vein":4,"minecraft:brewing_stand":6,"minecraft:obsidian":16,"minecraft:granite":11,"minecraft:budding_amethyst":1,"minecraft:chiseled_polished_blackstone":6,"minecraft:grass_block":70,"minecraft:cracked_polished_blackstone_bricks":5,"minecraft:oak_pressure_plate":1,"minecraft:composter":8,"minecraft:nether_wart":12,"minecraft:polished_blackstone_bricks":71,"minecraft:magma_block":15,"minecraft:iron_ore":10,"minecraft:fire":23,"minecraft:deepslate_lapis_ore":11,"minecraft:fletching_table":4,"minecraft:azure_bluet":13,"minecraft:nether_brick_stairs":3,"minecraft:dirt_path":49,"minecraft:oak_stairs":20,"minecraft:iron_block":9,"minecraft:spruce_slab":122,"minecraft:orange_bed":13,"minecraft:deepslate_redstone_ore":32,"minecraft:red_bed":1,"minecraft:blackstone":28,"minecraft:smoker":1,"minecraft:amethyst_cluster":2,"minecraft:torch":5,"minecraft:blast_furnace":2,"minecraft:calcite":4,"minecraft:melon":11,"minecraft:chest":6,"minecraft:wither_skeleton_wall_skull":1,"minecraft:nether_quartz_ore":17,"minecraft:cobblestone":251,"minecraft:sugar_cane":1,"minecraft:oak_planks":94,"minecraft:wall_torch":5,"minecraft:amethyst_block":3,"minecraft:pink_petals":1,"minecraft:white_terracotta":31,"minecraft:warped_nylium":3,"minecraft:wheat":38,"minecraft:tnt":1,"minecraft:oak_log":7,"minecraft:beetroots":2,"minecraft:sand":11,"minecraft:dirt":141,"minecraft:smooth_basalt":4,"minecraft:tripwire_hook":1,"minecraft:ancient_debris":33,"minecraft:netherrack":2843,"minecraft:emerald_block":27,"minecraft:oak_leaves":6,"minecraft:deepslate":347,"minecraft:nether_gold_ore":161,"minecraft:tuff":76,"minecraft:mossy_cobblestone":18,"minecraft:deepslate_diamond_ore":134,"minecraft:nether_bricks":1,"minecraft:spruce_leaves":151,"minecraft:cartography_table":3,"minecraft:hay_block":94,"minecraft:oak_trapdoor":8,"minecraft:furnace":1,"minecraft:spruce_sapling":32,"minecraft:carrots":19,"minecraft:acacia_wood":1,"minecraft:andesite":144,"minecraft:gold_block":56,"minecraft:bell":3,"minecraft:bookshelf":15,"minecraft:potatoes":6,"minecraft:rail":27,"minecraft:deepslate_iron_ore":11,"minecraft:stone":3878,"minecraft:smithing_table":3,"minecraft:podzol":10,"minecraft:glass_pane":14,"minecraft:soul_sand":71,"minecraft:basalt":6,"minecraft:dandelion":28,"minecraft:crafting_table":5,"minecraft:short_grass":235,"minecraft:emerald_ore":3,"minecraft:lectern":726,"minecraft:copper_ore":3,"minecraft:tall_grass":36,"minecraft:deepslate_gold_ore":71,"minecraft:polished_blackstone_brick_stairs":2,"minecraft:sculk":11,"minecraft:diorite":155,"minecraft:spruce_stairs":8,"minecraft:cobblestone_wall":5,"minecraft:yellow_bed":24,"minecraft:coal_ore":52,"minecraft:gravel":159,"minecraft:gold_ore":4},"minecraft:dropped":{"minecraft:iron_sword":1,"minecraft:diamond_axe":3,"minecraft:warped_fungus":1,"minecraft:cooked_beef":12,"minecraft:oak_log":28,"minecraft:diamond":65,"minecraft:cookie":144,"minecraft:warped_roots":2,"minecraft:emerald":46,"minecraft:dirt":50,"minecraft:netherite_scrap":8,"minecraft:mutton":1,"minecraft:fishing_rod":1,"minecraft:bone":6,"minecraft:gravel":80,"minecraft:emerald_block":3,"minecraft:stone_axe":9,"minecraft:blackstone":23,"minecraft:cobbled_deepslate":3,"minecraft:wheat":23,"minecraft:beetroot":1,"minecraft:rotten_flesh":6,"minecraft:oak_planks":4,"minecraft:diamond_shovel":2,"minecraft:azure_bluet":18,"minecraft:warped_planks":148,"minecraft:carrot":29,"minecraft:poppy":20,"minecraft:gunpowder":1,"minecraft:beetroot_seeds":3,"minecraft:chainmail_boots":12,"minecraft:spruce_slab":18,"minecraft:basalt":1,"minecraft:netherrack":1351,"minecraft:lectern":6,"minecraft:enchanted_book":1,"minecraft:water_bucket":1,"minecraft:iron_ingot":6,"minecraft:bread":178,"minecraft:wheat_seeds":61,"minecraft:tnt":9,"minecraft:minecart":2,"minecraft:bookshelf":2,"minecraft:diamond_leggings":1,"minecraft:netherite_chestplate":1,"minecraft:oak_fence":8,"minecraft:lead":2,"minecraft:book":10,"minecraft:cobblestone":103,"minecraft:granite":37,"minecraft:spruce_button":7,"minecraft:chainmail_helmet":15,"minecraft:stick":236,"minecraft:diorite":2,"minecraft:rabbit":1,"minecraft:cherry_planks":52,"minecraft:map":2,"minecraft:diamond_helmet":1,"minecraft:iron_leggings":1,"minecraft:iron_shovel":1,"minecraft:pink_petals":28,"minecraft:bucket":1,"minecraft:spruce_sapling":3,"minecraft:smooth_basalt":1,"minecraft:dandelion":26,"minecraft:furnace":1,"minecraft:stone_sword":3,"minecraft:stone_shovel":1,"minecraft:iron_boots":11,"minecraft:stripped_oak_log":3,"minecraft:flint_and_steel":1,"minecraft:suspicious_stew":7,"minecraft:blast_furnace":1,"minecraft:diamond_sword":1,"minecraft:potato":12,"minecraft:cobblestone_slab":2,"minecraft:hay_block":16,"minecraft:spruce_boat":1,"minecraft:shield":2,"minecraft:spruce_planks":2,"minecraft:diamond_pickaxe":2,"minecraft:iron_chestplate":3,"minecraft:oak_boat":1,"minecraft:golden_sword":1,"minecraft:spruce_log":2111,"minecraft:stone_pickaxe":2,"minecraft:brick_slab":1,"minecraft:calcite":4,"minecraft:magma_block":14},"minecraft:crafted":{"minecraft:grindstone":1,"minecraft:oak_planks":104,"minecraft:stone":3,"minecraft:diamond_shovel":1,"minecraft:bookshelf":17,"minecraft:suspicious_stew":7,"minecraft:warped_planks":216,"minecraft:bow":1,"minecraft:beacon":1,"minecraft:chest":15,"minecraft:netherite_upgrade_smithing_template":8,"minecraft:rail":80,"minecraft:stone_hoe":1,"minecraft:furnace_minecart":1,"minecraft:arrow":80,"minecraft:emerald":1312,"minecraft:diamond_axe":1,"minecraft:crafting_table":6,"minecraft:spruce_planks":24404,"minecraft:smithing_table":1,"minecraft:gold_block":44,"minecraft:fletching_table":1,"minecraft:apple":48,"minecraft:emerald_block":35,"minecraft:diamond_pickaxe":3,"minecraft:stick":49148,"minecraft:stone_slab":6,"minecraft:iron_ingot":61,"minecraft:iron_pickaxe":4,"minecraft:iron_block":7,"minecraft:gold_ingot":418,"minecraft:netherite_ingot":8,"minecraft:golden_carrot":147,"minecraft:cherry_planks":60,"minecraft:cookie":8,"minecraft:stone_shovel":4,"minecraft:furnace":2,"minecraft:flint_and_steel":2,"minecraft:spruce_stairs":32,"minecraft:spruce_slab":84,"minecraft:stone_pickaxe":2,"minecraft:spruce_boat":2,"minecraft:netherite_scrap":38,"minecraft:minecart":3,"minecraft:wheat":630,"minecraft:cooked_beef":15,"minecraft:iron_sword":1,"minecraft:bucket":2,"minecraft:stone_axe":104,"minecraft:enchanted_book":26,"minecraft:bread":270,"minecraft:air":0,"minecraft:oak_fence_gate":4,"minecraft:oak_boat":1,"minecraft:anvil":2,"minecraft:torch":156},"minecraft:killed_by":{"minecraft:drowned":1,"minecraft:zombie":1,"minecraft:player":1,"minecraft:iron_golem":1,"minecraft:skeleton":2}},"DataVersion":3953}