{"stats":{"minecraft:dropped":{"minecraft:spruce_log":1},"minecraft:mined":{"minecraft:iron_ore":4,"minecraft:spruce_log":2,"minecraft:grass_block":1,"minecraft:dirt":1,"minecraft:spruce_leaves":5,"minecraft:stone":6,"minecraft:oak_leaves":3},"minecraft:picked_up":{"minecraft:stick":10,"minecraft:raw_iron":4,"minecraft:oak_log":20,"minecraft:spruce_sapling":4,"minecraft:spruce_log":15,"minecraft:dirt":1,"minecraft:stone_pickaxe":1,"minecraft:oak_sapling":1,"minecraft:cobblestone":13},"minecraft:killed":{"minecraft:zombie":1},"minecraft:crafted":{"minecraft:oak_planks":80,"minecraft:crafting_table":1,"minecraft:spruce_planks":16,"minecraft:stone_sword":1,"minecraft:stone_axe":1},"minecraft:used":{"minecraft:stone_sword":5,"minecraft:stone_pickaxe":10,"minecraft:oak_planks":5,"minecraft:stone_axe":1,"minecraft:dirt":1,"minecraft:crafting_table":1,"minecraft:oak_sapling":1},"minecraft:custom":{"minecraft:time_since_rest":16597,"minecraft:sprint_one_cm":13244,"minecraft:damage_taken":170,"minecraft:walk_one_cm":12812,"minecraft:mob_kills":1,"minecraft:drop":1,"minecraft:damage_dealt":225,"minecraft:swim_one_cm":2607,"minecraft:interact_with_crafting_table":3,"minecraft:fly_one_cm":7772,"minecraft:crouch_one_cm":370,"minecraft:play_time":16597,"minecraft:sneak_time":164,"minecraft:walk_under_water_one_cm":360,"minecraft:jump":117,"minecraft:time_since_death":16597,"minecraft:leave_game":1,"minecraft:walk_on_water_one_cm":4187,"minecraft:total_world_time":16597,"minecraft:fall_one_cm":3389}},"DataVersion":3953}