{"stats":{"minecraft:dropped":{"minecraft:furnace":1,"minecraft:stone_axe":2,"minecraft:wheat_seeds":14,"minecraft:cooked_beef":12,"minecraft:stone_sword":2,"minecraft:wheat":5,"minecraft:rotten_flesh":2,"minecraft:stick":2,"minecraft:shield":2,"minecraft:rabbit":1,"minecraft:cherry_planks":52,"minecraft:stone_pickaxe":2,"minecraft:pink_petals":28},"minecraft:used":{"minecraft:netherite_sword":3,"minecraft:stone_sword":93,"minecraft:chest":1,"minecraft:shield":3,"minecraft:orange_bed":1,"minecraft:dirt":15,"minecraft:iron_pickaxe":19,"minecraft:stone_axe":30,"minecraft:pink_petals":5,"minecraft:cooked_beef":15,"minecraft:potato":1},"minecraft:custom":{"minecraft:interact_with_furnace":6,"minecraft:mob_kills":39,"minecraft:interact_with_crafting_table":2,"minecraft:leave_game":1,"minecraft:time_since_death":22676,"minecraft:sleep_in_bed":1,"minecraft:time_since_rest":4909,"minecraft:sprint_one_cm":177813,"minecraft:damage_taken":1745,"minecraft:walk_one_cm":34841,"minecraft:damage_blocked_by_shield":115,"minecraft:drop":22,"minecraft:damage_dealt":4955,"minecraft:swim_one_cm":1555,"minecraft:fly_one_cm":391457,"minecraft:open_chest":9,"minecraft:crouch_one_cm":1972,"minecraft:play_time":45668,"minecraft:deaths":3,"minecraft:sneak_time":900,"minecraft:walk_under_water_one_cm":163,"minecraft:jump":1659,"minecraft:walk_on_water_one_cm":2804,"minecraft:total_world_time":45668,"minecraft:fall_one_cm":51511},"minecraft:killed_by":{"minecraft:skeleton":2,"minecraft:zombie":1},"minecraft:mined":{"minecraft:white_bed":1,"minecraft:brewing_stand":2,"minecraft:crafting_table":1,"minecraft:short_grass":7,"minecraft:emerald_ore":2,"minecraft:melon":11,"minecraft:chest":1,"minecraft:tall_grass":4,"minecraft:composter":2,"minecraft:cartography_table":2,"minecraft:pink_petals":1,"minecraft:hay_block":22,"minecraft:furnace":1,"minecraft:iron_ore":6,"minecraft:wheat":6,"minecraft:acacia_wood":1,"minecraft:gold_block":1,"minecraft:bell":1,"minecraft:dirt":1,"minecraft:stone":4,"minecraft:orange_bed":3},"minecraft:picked_up":{"minecraft:pink_petals":33,"minecraft:crafting_table":1,"minecraft:wheat":10,"minecraft:cooked_beef":39,"minecraft:cherry_planks":52,"minecraft:leather":9,"minecraft:potato":1,"minecraft:gold_block":1,"minecraft:brewing_stand":2,"minecraft:shield":4,"minecraft:dirt":41,"minecraft:bone":8,"minecraft:wheat_seeds":14,"minecraft:cartography_table":2,"minecraft:bell":1,"minecraft:iron_ingot":15,"minecraft:beef":15,"minecraft:stone_pickaxe":1,"minecraft:iron_pickaxe":3,"minecraft:rabbit":1,"minecraft:melon_slice":49,"minecraft:chest":1,"minecraft:furnace":1,"minecraft:raw_iron":6,"minecraft:stick":6,"minecraft:composter":2,"minecraft:porkchop":18,"minecraft:cherry_log":15,"minecraft:white_bed":1,"minecraft:orange_bed":3,"minecraft:stone_sword":4,"minecraft:arrow":14,"minecraft:rotten_flesh":2,"minecraft:stone_axe":4,"minecraft:hay_block":22,"minecraft:emerald":2,"minecraft:mutton":20,"minecraft:coal":19,"minecraft:white_wool":9,"minecraft:cobblestone":27},"minecraft:killed":{"minecraft:pig":8,"minecraft:sheep":12,"minecraft:skeleton":5,"minecraft:zombie":5,"minecraft:cow":8},"minecraft:crafted":{"minecraft:cherry_planks":60,"minecraft:chest":1}},"DataVersion":3953}