{"stats":{"minecraft:dropped":{"minecraft:furnace":1,"minecraft:stone_axe":2,"minecraft:wheat_seeds":1,"minecraft:cooked_beef":12,"minecraft:stone_sword":2,"minecraft:shield":2,"minecraft:rabbit":1,"minecraft:cherry_planks":52,"minecraft:stone_pickaxe":2},"minecraft:used":{"minecraft:netherite_sword":3,"minecraft:stone_sword":47,"minecraft:chest":1,"minecraft:shield":3,"minecraft:dirt":6,"minecraft:iron_pickaxe":7,"minecraft:stone_axe":28,"minecraft:pink_petals":5,"minecraft:cooked_beef":11,"minecraft:potato":1},"minecraft:custom":{"minecraft:interact_with_furnace":6,"minecraft:mob_kills":18,"minecraft:interact_with_crafting_table":2,"minecraft:leave_game":1,"minecraft:time_since_death":10676,"minecraft:time_since_rest":10703,"minecraft:sprint_one_cm":112163,"minecraft:damage_taken":1520,"minecraft:walk_one_cm":24701,"minecraft:damage_blocked_by_shield":115,"minecraft:drop":17,"minecraft:damage_dealt":2900,"minecraft:fly_one_cm":268837,"minecraft:open_chest":9,"minecraft:crouch_one_cm":772,"minecraft:play_time":33668,"minecraft:deaths":3,"minecraft:sneak_time":449,"minecraft:jump":1047,"minecraft:walk_on_water_one_cm":2650,"minecraft:total_world_time":33668,"minecraft:fall_one_cm":28781},"minecraft:killed_by":{"minecraft:skeleton":2,"minecraft:zombie":1},"minecraft:mined":{"minecraft:brewing_stand":2,"minecraft:crafting_table":1,"minecraft:short_grass":4,"minecraft:melon":11,"minecraft:chest":1,"minecraft:tall_grass":3,"minecraft:composter":2,"minecraft:cartography_table":2,"minecraft:pink_petals":1,"minecraft:hay_block":10,"minecraft:furnace":1,"minecraft:wheat":6,"minecraft:acacia_wood":1,"minecraft:gold_block":1,"minecraft:dirt":1,"minecraft:stone":1,"minecraft:orange_bed":2},"minecraft:picked_up":{"minecraft:pink_petals":33,"minecraft:crafting_table":1,"minecraft:wheat":5,"minecraft:cooked_beef":39,"minecraft:cherry_planks":52,"minecraft:potato":1,"minecraft:gold_block":1,"minecraft:brewing_stand":2,"minecraft:shield":4,"minecraft:dirt":41,"minecraft:bone":8,"minecraft:wheat_seeds":14,"minecraft:cartography_table":2,"minecraft:iron_ingot":15,"minecraft:beef":4,"minecraft:stone_pickaxe":1,"minecraft:iron_pickaxe":3,"minecraft:rabbit":1,"minecraft:melon_slice":49,"minecraft:chest":1,"minecraft:furnace":1,"minecraft:stick":6,"minecraft:composter":2,"minecraft:porkchop":9,"minecraft:cherry_log":15,"minecraft:orange_bed":2,"minecraft:stone_sword":4,"minecraft:arrow":14,"minecraft:rotten_flesh":2,"minecraft:stone_axe":4,"minecraft:hay_block":10,"minecraft:mutton":2,"minecraft:coal":19,"minecraft:white_wool":1,"minecraft:cobblestone":24},"minecraft:killed":{"minecraft:pig":4,"minecraft:sheep":1,"minecraft:skeleton":5,"minecraft:zombie":5,"minecraft:cow":2},"minecraft:crafted":{"minecraft:cherry_planks":60,"minecraft:chest":1}},"DataVersion":3953}