{"stats":{"minecraft:used":{"minecraft:iron_shovel":42,"minecraft:spruce_slab":185,"minecraft:elytra":54,"minecraft:chest":18,"minecraft:shield":30,"minecraft:iron_sword":329,"minecraft:bell":3,"minecraft:iron_chestplate":1,"minecraft:soul_sand":10,"minecraft:carrot":26,"minecraft:furnace_minecart":3,"minecraft:obsidian":10,"minecraft:spruce_boat":4,"minecraft:bow":191,"minecraft:ominous_bottle":1,"minecraft:furnace":2,"minecraft:potato":11,"minecraft:diorite":6,"minecraft:diamond_boots":1,"minecraft:wither_skeleton_skull":4,"minecraft:oak_planks":6,"minecraft:blackstone":2,"minecraft:ender_pearl":24,"minecraft:composter":5,"minecraft:chainmail_helmet":1,"minecraft:diamond_axe":676,"minecraft:sugar_cane":9,"minecraft:blast_furnace":1,"minecraft:crossbow":5,"minecraft:netherite_helmet":1,"minecraft:bread":67,"minecraft:string":2,"minecraft:lectern":726,"minecraft:gravel":39,"minecraft:diamond_sword":715,"minecraft:grindstone":1,"minecraft:smithing_table":3,"minecraft:oak_boat":5,"minecraft:netherite_sword":3,"minecraft:stone_sword":137,"minecraft:flint_and_steel":2,"minecraft:stone_shovel":354,"minecraft:spruce_planks":266,"minecraft:ender_chest":5,"minecraft:stone_hoe":80,"minecraft:netherrack":163,"minecraft:orange_bed":12,"minecraft:torch":238,"minecraft:brewing_stand":2,"minecraft:dirt":829,"minecraft:anvil":4,"minecraft:spruce_stairs":38,"minecraft:diamond_helmet":2,"minecraft:oak_fence_gate":4,"minecraft:bookshelf":20,"minecraft:iron_block":4,"minecraft:spruce_button":18,"minecraft:diamond_chestplate":1,"minecraft:tripwire_hook":2,"minecraft:golden_carrot":170,"minecraft:emerald_block":69,"minecraft:minecart":5,"minecraft:cooked_beef":25,"minecraft:cobbled_deepslate":3,"minecraft:iron_leggings":1,"minecraft:wheat_seeds":63,"minecraft:water_bucket":115,"minecraft:netherite_chestplate":53,"minecraft:beacon":1,"minecraft:fletching_table":5,"minecraft:cobblestone_slab":4,"minecraft:polished_blackstone_bricks":36,"minecraft:rail":107,"minecraft:crafting_table":9,"minecraft:red_bed":1,"minecraft:white_bed":11,"minecraft:spruce_log":158,"minecraft:ender_eye":11,"minecraft:diamond_pickaxe":7890,"minecraft:apple":2,"minecraft:diamond_shovel":24,"minecraft:cracked_polished_blackstone_bricks":1,"minecraft:iron_pickaxe":953,"minecraft:spruce_trapdoor":1,"minecraft:spruce_sapling":691,"minecraft:stone_axe":485,"minecraft:pink_petals":5,"minecraft:cobblestone":369,"minecraft:bucket":116,"minecraft:yellow_bed":23,"minecraft:stripped_oak_log":1,"minecraft:dandelion":2,"minecraft:diamond_leggings":1},"minecraft:broken":{"minecraft:stone_axe":1,"minecraft:stone_shovel":1,"minecraft:stone_sword":1,"minecraft:iron_pickaxe":3},"minecraft:killed":{"minecraft:witch":5,"minecraft:spider":9,"minecraft:shulker":8,"minecraft:skeleton":22,"minecraft:silverfish":3,"minecraft:piglin_brute":11,"minecraft:magma_cube":54,"minecraft:piglin":17,"minecraft:pig":11,"minecraft:iron_golem":18,"minecraft:ender_dragon":1,"minecraft:creeper":4,"minecraft:sheep":14,"minecraft:trader_llama":1,"minecraft:pillager":64,"minecraft:zombie":16,"minecraft:donkey":1,"minecraft:ghast":1,"minecraft:blaze":36,"minecraft:cow":8,"minecraft:evoker":6,"minecraft:vex":1,"minecraft:vindicator":18,"minecraft:drowned":4,"minecraft:ravager":5,"minecraft:hoglin":7,"minecraft:wither_skeleton":6,"minecraft:villager":1,"minecraft:enderman":20},"minecraft:crafted":{"minecraft:ender_chest":1,"minecraft:grindstone":1,"minecraft:oak_planks":104,"minecraft:stone":3,"minecraft:diamond_shovel":1,"minecraft:bookshelf":22,"minecraft:suspicious_stew":7,"minecraft:warped_planks":216,"minecraft:bow":1,"minecraft:beacon":1,"minecraft:chest":15,"minecraft:netherite_upgrade_smithing_template":8,"minecraft:rail":80,"minecraft:stone_hoe":1,"minecraft:furnace_minecart":1,"minecraft:arrow":80,"minecraft:emerald":1520,"minecraft:diamond_axe":1,"minecraft:crafting_table":7,"minecraft:spruce_planks":25684,"minecraft:smithing_table":1,"minecraft:gold_block":44,"minecraft:fletching_table":1,"minecraft:apple":48,"minecraft:spruce_trapdoor":2,"minecraft:diamond_pickaxe":4,"minecraft:emerald_block":35,"minecraft:shield":1,"minecraft:stick":52900,"minecraft:stone_slab":6,"minecraft:iron_ingot":61,"minecraft:iron_pickaxe":4,"minecraft:iron_block":7,"minecraft:gold_ingot":418,"minecraft:netherite_ingot":8,"minecraft:golden_carrot":183,"minecraft:cherry_planks":60,"minecraft:cookie":8,"minecraft:stone_shovel":4,"minecraft:furnace":2,"minecraft:flint_and_steel":2,"minecraft:spruce_stairs":32,"minecraft:spruce_slab":84,"minecraft:stone_pickaxe":2,"minecraft:spruce_boat":2,"minecraft:netherite_scrap":38,"minecraft:minecart":3,"minecraft:wheat":630,"minecraft:cooked_beef":15,"minecraft:iron_sword":1,"minecraft:bucket":2,"minecraft:stone_axe":104,"minecraft:enchanted_book":33,"minecraft:bread":270,"minecraft:air":0,"minecraft:oak_fence_gate":4,"minecraft:oak_boat":1,"minecraft:anvil":4,"minecraft:torch":316},"minecraft:killed_by":{"minecraft:drowned":1,"minecraft:zombie":1,"minecraft:player":1,"minecraft:iron_golem":1,"minecraft:skeleton":2},"minecraft:custom":{"minecraft:interact_with_crafting_table":84,"minecraft:bell_ring":285,"minecraft:leave_game":22,"minecraft:time_since_death":230838,"minecraft:sprint_one_cm":3635858,"minecraft:damage_blocked_by_shield":1426,"minecraft:drop":494,"minecraft:talked_to_villager":2534,"minecraft:play_time":939081,"minecraft:deaths":7,"minecraft:jump":17953,"minecraft:interact_with_brewingstand":4,"minecraft:walk_on_water_one_cm":66602,"minecraft:interact_with_furnace":49,"minecraft:traded_with_villager":1678,"minecraft:sleep_in_bed":41,"minecraft:open_enderchest":5,"minecraft:damage_dealt":85194,"minecraft:interact_with_beacon":2,"minecraft:crouch_one_cm":127994,"minecraft:horse_one_cm":165329,"minecraft:interact_with_smithing_table":4,"minecraft:mob_kills":381,"minecraft:interact_with_anvil":24,"minecraft:climb_one_cm":14427,"minecraft:walk_one_cm":1197552,"minecraft:raid_win":1,"minecraft:sneak_time":44961,"minecraft:walk_under_water_one_cm":51247,"minecraft:boat_one_cm":363053,"minecraft:interact_with_blast_furnace":2,"minecraft:total_world_time":939081,"minecraft:raid_trigger":1,"minecraft:interact_with_grindstone":7,"minecraft:time_since_rest":46983,"minecraft:damage_taken":15846,"minecraft:swim_one_cm":92541,"minecraft:fly_one_cm":4905340,"minecraft:open_chest":1119,"minecraft:aviate_one_cm":77376,"minecraft:fall_one_cm":543687},"minecraft:picked_up":{"minecraft:wheat":43,"minecraft:ender_chest":4,"minecraft:smithing_table":3,"minecraft:lead":2,"minecraft:diamond_sword":3,"minecraft:oak_stairs":18,"minecraft:potion":2,"minecraft:enchanted_book":3,"minecraft:gilded_blackstone":3,"minecraft:brewing_stand":12,"minecraft:golden_sword":1,"minecraft:amethyst_block":3,"minecraft:polished_blackstone_brick_stairs":2,"minecraft:string":11,"minecraft:raw_copper":36,"minecraft:beetroot":1,"minecraft:diamond_leggings":3,"minecraft:gold_nugget":655,"minecraft:cobbled_deepslate":150,"minecraft:eye_armor_trim_smithing_template":2,"minecraft:spruce_planks":135,"minecraft:ender_eye":10,"minecraft:calcite":6,"minecraft:iron_pickaxe":6,"minecraft:melon_slice":98,"minecraft:furnace":2,"minecraft:tipped_arrow":2,"minecraft:stick":520,"minecraft:composter":10,"minecraft:oak_fence":31,"minecraft:torch":116,"minecraft:spruce_stairs":10,"minecraft:porkchop":62,"minecraft:cherry_log":15,"minecraft:diorite":204,"minecraft:music_disc_pigstep":1,"minecraft:orange_bed":12,"minecraft:stone_sword":6,"minecraft:rotten_flesh":21,"minecraft:iron_block":13,"minecraft:white_terracotta":31,"minecraft:netherite_chestplate":3,"minecraft:blaze_rod":30,"minecraft:obsidian":56,"minecraft:iron_bars":3,"minecraft:cobblestone":6325,"minecraft:furnace_minecart":2,"minecraft:pink_petals":33,"minecraft:magma_block":14,"minecraft:cooked_beef":53,"minecraft:magma_cream":3,"minecraft:cherry_planks":52,"minecraft:water_bucket":5,"minecraft:andesite":218,"minecraft:potato":23,"minecraft:beacon":1,"minecraft:smoker":3,"minecraft:flint":26,"minecraft:tuff":69,"minecraft:wither_skeleton_skull":2,"minecraft:netherite_leggings":2,"minecraft:lapis_lazuli":64,"minecraft:dirt":3953,"minecraft:bone":35,"minecraft:bow":5,"minecraft:wheat_seeds":172,"minecraft:raw_gold":75,"minecraft:bell":4,"minecraft:mossy_stone_bricks":1,"minecraft:glowstone_dust":9,"minecraft:diamond_helmet":3,"minecraft:fletching_table":5,"minecraft:rabbit":1,"minecraft:oak_planks":98,"minecraft:stone_hoe":1,"minecraft:oak_pressure_plate":1,"minecraft:sand":11,"minecraft:nether_brick_stairs":3,"minecraft:mossy_cobblestone":24,"minecraft:sugar":7,"minecraft:diamond":164,"minecraft:netherite_helmet":2,"minecraft:spruce_boat":5,"minecraft:cracked_polished_blackstone_bricks":6,"minecraft:crossbow":6,"minecraft:granite":76,"minecraft:chainmail_helmet":1,"minecraft:golden_apple":10,"minecraft:spruce_button":89,"minecraft:bread":323,"minecraft:emerald":186,"minecraft:end_stone_bricks":1,"minecraft:oak_sapling":7,"minecraft:netherrack":2043,"minecraft:nether_star":1,"minecraft:diamond_pickaxe":3,"minecraft:fishing_rod":1,"minecraft:crafting_table":7,"minecraft:ominous_bottle":2,"minecraft:azure_bluet":61,"minecraft:nether_wart":40,"minecraft:gold_block":61,"minecraft:diamond_horse_armor":1,"minecraft:purpur_block":3,"minecraft:shield":9,"minecraft:dragon_breath":2,"minecraft:elytra":5,"minecraft:iron_axe":1,"minecraft:oak_trapdoor":8,"minecraft:red_bed":1,"minecraft:flint_and_steel":1,"minecraft:compass":2,"minecraft:blackstone":26,"minecraft:cracked_stone_bricks":1,"minecraft:cartography_table":6,"minecraft:beef":15,"minecraft:oak_boat":6,"minecraft:lectern":732,"minecraft:poppy":32,"minecraft:spruce_slab":238,"minecraft:minecart":5,"minecraft:sugar_cane":9,"minecraft:chest":7,"minecraft:raw_iron":27,"minecraft:end_stone":8,"minecraft:stone":10,"minecraft:oak_door":2,"minecraft:polished_blackstone_bricks":114,"minecraft:carrot":55,"minecraft:redstone":189,"minecraft:tnt":9,"minecraft:diamond_chestplate":2,"minecraft:arrow":209,"minecraft:stone_shovel":3,"minecraft:beetroot_seeds":3,"minecraft:diamond_boots":2,"minecraft:hay_block":112,"minecraft:totem_of_undying":8,"minecraft:saddle":3,"minecraft:gold_ingot":5,"minecraft:mutton":21,"minecraft:white_wool":18,"minecraft:rail":90,"minecraft:oxeye_daisy":1,"minecraft:stripped_oak_log":8,"minecraft:netherite_boots":2,"minecraft:basalt":5,"minecraft:golden_carrot":122,"minecraft:tripwire_hook":2,"minecraft:leather":22,"minecraft:purpur_stairs":3,"minecraft:oak_log":54,"minecraft:chainmail_chestplate":2,"minecraft:ancient_debris":35,"minecraft:gunpowder":9,"minecraft:yellow_bed":25,"minecraft:cobblestone_wall":4,"minecraft:cobblestone_stairs":18,"minecraft:paper":19,"minecraft:white_banner":10,"minecraft:cooked_mutton":20,"minecraft:stone_bricks":2,"minecraft:apple":21,"minecraft:warped_stem":54,"minecraft:iron_ingot":152,"minecraft:stone_pickaxe":6,"minecraft:stripped_oak_wood":1,"minecraft:soul_sand":71,"minecraft:iron_sword":2,"minecraft:book":71,"minecraft:warped_fungus":1,"minecraft:smooth_basalt":4,"minecraft:emerald_block":52,"minecraft:quartz":16,"minecraft:dandelion":66,"minecraft:gravel":213,"minecraft:amethyst_shard":8,"minecraft:spruce_sapling":803,"minecraft:blast_furnace":4,"minecraft:white_bed":12,"minecraft:spruce_log":12425,"minecraft:dragon_egg":1,"minecraft:spider_eye":5,"minecraft:diamond_shovel":2,"minecraft:stone_axe":19,"minecraft:diamond_axe":5,"minecraft:warped_roots":2,"minecraft:coal":134,"minecraft:shulker_shell":6,"minecraft:ender_pearl":42},"minecraft:mined":{"minecraft:spruce_planks":36,"minecraft:white_bed":12,"minecraft:cobblestone_stairs":10,"minecraft:sculk_vein":4,"minecraft:brewing_stand":6,"minecraft:obsidian":38,"minecraft:granite":16,"minecraft:budding_amethyst":1,"minecraft:chiseled_polished_blackstone":6,"minecraft:grass_block":79,"minecraft:cracked_polished_blackstone_bricks":5,"minecraft:oak_pressure_plate":1,"minecraft:composter":8,"minecraft:nether_wart":12,"minecraft:spawner":1,"minecraft:polished_blackstone_bricks":71,"minecraft:magma_block":15,"minecraft:iron_ore":10,"minecraft:fire":25,"minecraft:deepslate_lapis_ore":11,"minecraft:fletching_table":4,"minecraft:azure_bluet":13,"minecraft:nether_brick_stairs":3,"minecraft:dirt_path":49,"minecraft:iron_bars":3,"minecraft:oak_stairs":20,"minecraft:end_stone_bricks":1,"minecraft:iron_block":9,"minecraft:spruce_slab":122,"minecraft:orange_bed":13,"minecraft:deepslate_redstone_ore":32,"minecraft:red_bed":1,"minecraft:blackstone":28,"minecraft:smoker":1,"minecraft:amethyst_cluster":2,"minecraft:purpur_stairs":4,"minecraft:torch":7,"minecraft:blast_furnace":2,"minecraft:calcite":4,"minecraft:melon":11,"minecraft:chest":6,"minecraft:nether_quartz_ore":17,"minecraft:wither_skeleton_wall_skull":1,"minecraft:cobblestone":258,"minecraft:sugar_cane":1,"minecraft:oak_planks":94,"minecraft:wall_torch":6,"minecraft:amethyst_block":3,"minecraft:pink_petals":1,"minecraft:white_terracotta":31,"minecraft:warped_nylium":3,"minecraft:wheat":38,"minecraft:tnt":1,"minecraft:purpur_block":4,"minecraft:oak_log":7,"minecraft:beetroots":2,"minecraft:sand":11,"minecraft:dirt":151,"minecraft:smooth_basalt":4,"minecraft:tripwire_hook":1,"minecraft:ancient_debris":33,"minecraft:netherrack":2843,"minecraft:oak_leaves":8,"minecraft:deepslate":364,"minecraft:emerald_block":27,"minecraft:nether_gold_ore":161,"minecraft:tuff":80,"minecraft:mossy_cobblestone":18,"minecraft:deepslate_diamond_ore":134,"minecraft:end_stone":7,"minecraft:nether_bricks":1,"minecraft:spruce_leaves":151,"minecraft:cartography_table":3,"minecraft:hay_block":94,"minecraft:oak_trapdoor":8,"minecraft:furnace":1,"minecraft:spruce_sapling":32,"minecraft:carrots":19,"minecraft:acacia_wood":1,"minecraft:andesite":150,"minecraft:gold_block":56,"minecraft:bell":3,"minecraft:bookshelf":20,"minecraft:potatoes":6,"minecraft:rail":27,"minecraft:deepslate_iron_ore":11,"minecraft:stone":3964,"minecraft:ender_chest":4,"minecraft:smithing_table":3,"minecraft:podzol":10,"minecraft:glass_pane":16,"minecraft:soul_sand":71,"minecraft:basalt":6,"minecraft:dandelion":29,"minecraft:crafting_table":5,"minecraft:short_grass":248,"minecraft:emerald_ore":3,"minecraft:lectern":726,"minecraft:tall_grass":41,"minecraft:copper_ore":3,"minecraft:deepslate_gold_ore":71,"minecraft:polished_blackstone_brick_stairs":2,"minecraft:sculk":11,"minecraft:diorite":160,"minecraft:spruce_stairs":8,"minecraft:cobblestone_wall":5,"minecraft:yellow_bed":25,"minecraft:coal_ore":55,"minecraft:gravel":159,"minecraft:cracked_stone_bricks":1,"minecraft:stone_bricks":2,"minecraft:mossy_stone_bricks":1,"minecraft:gold_ore":4},"minecraft:dropped":{"minecraft:iron_sword":1,"minecraft:diamond_axe":3,"minecraft:cooked_beef":12,"minecraft:warped_fungus":1,"minecraft:oak_log":28,"minecraft:diamond":65,"minecraft:crossbow":1,"minecraft:cookie":144,"minecraft:warped_roots":2,"minecraft:cracked_stone_bricks":1,"minecraft:elytra":4,"minecraft:dragon_breath":2,"minecraft:emerald":46,"minecraft:dirt":53,"minecraft:netherite_scrap":8,"minecraft:mutton":1,"minecraft:fishing_rod":1,"minecraft:bone":8,"minecraft:gravel":80,"minecraft:emerald_block":3,"minecraft:stone_axe":9,"minecraft:blackstone":23,"minecraft:cobbled_deepslate":20,"minecraft:wheat":23,"minecraft:beetroot":1,"minecraft:rotten_flesh":6,"minecraft:oak_planks":4,"minecraft:diamond_shovel":2,"minecraft:azure_bluet":19,"minecraft:warped_planks":148,"minecraft:carrot":29,"minecraft:chainmail_chestplate":2,"minecraft:poppy":20,"minecraft:tipped_arrow":2,"minecraft:gunpowder":1,"minecraft:beetroot_seeds":3,"minecraft:chainmail_boots":12,"minecraft:spruce_slab":18,"minecraft:basalt":1,"minecraft:iron_bars":3,"minecraft:netherrack":1351,"minecraft:lectern":6,"minecraft:enchanted_book":1,"minecraft:water_bucket":1,"minecraft:iron_ingot":6,"minecraft:bread":179,"minecraft:wheat_seeds":82,"minecraft:tnt":9,"minecraft:minecart":2,"minecraft:bookshelf":2,"minecraft:diamond_leggings":1,"minecraft:netherite_chestplate":1,"minecraft:oak_fence":8,"minecraft:lead":2,"minecraft:book":10,"minecraft:cobblestone":176,"minecraft:granite":42,"minecraft:spruce_button":7,"minecraft:chainmail_helmet":16,"minecraft:stick":277,"minecraft:diorite":7,"minecraft:rabbit":1,"minecraft:cherry_planks":52,"minecraft:map":2,"minecraft:diamond_helmet":1,"minecraft:iron_leggings":1,"minecraft:iron_shovel":1,"minecraft:pink_petals":28,"minecraft:bucket":1,"minecraft:spruce_sapling":3,"minecraft:smooth_basalt":1,"minecraft:dandelion":27,"minecraft:furnace":1,"minecraft:stone_sword":3,"minecraft:tuff":4,"minecraft:stone_shovel":1,"minecraft:iron_boots":11,"minecraft:stripped_oak_log":3,"minecraft:totem_of_undying":5,"minecraft:flint_and_steel":1,"minecraft:suspicious_stew":7,"minecraft:blast_furnace":1,"minecraft:diamond_sword":1,"minecraft:potato":12,"minecraft:cobblestone_slab":2,"minecraft:hay_block":16,"minecraft:spruce_boat":1,"minecraft:stone":10,"minecraft:shield":2,"minecraft:spruce_planks":2,"minecraft:diamond_pickaxe":2,"minecraft:iron_chestplate":3,"minecraft:andesite":6,"minecraft:mossy_stone_bricks":1,"minecraft:oak_boat":1,"minecraft:golden_sword":1,"minecraft:stone_bricks":2,"minecraft:spruce_log":2111,"minecraft:stone_pickaxe":2,"minecraft:brick_slab":1,"minecraft:calcite":4,"minecraft:magma_block":14}},"DataVersion":3953}