{"stats":{"minecraft:used":{"minecraft:stone_sword":68,"minecraft:iron_shovel":84,"minecraft:spruce_slab":341,"minecraft:stone_shovel":106,"minecraft:chest":19,"minecraft:spruce_planks":54,"minecraft:shield":26,"minecraft:iron_sword":406,"minecraft:orange_bed":6,"minecraft:torch":44,"minecraft:dirt":49,"minecraft:anvil":1,"minecraft:carrot":32,"minecraft:oak_fence_gate":5,"minecraft:spruce_boat":7,"minecraft:bricks":1,"minecraft:bookshelf":12,"minecraft:iron_axe":109,"minecraft:golden_carrot":3,"minecraft:furnace":2,"minecraft:minecart":22,"minecraft:cooked_beef":8,"minecraft:acacia_planks":36,"minecraft:water_bucket":24,"minecraft:diamond_boots":1,"minecraft:stone_pickaxe":54,"minecraft:netherite_chestplate":2,"minecraft:cherry_planks":42,"minecraft:diamond_axe":43,"minecraft:fletching_table":32,"minecraft:rail":117,"minecraft:crafting_table":3,"minecraft:blast_furnace":9,"minecraft:white_bed":7,"minecraft:spruce_log":72,"minecraft:diamond_pickaxe":311,"minecraft:bread":72,"minecraft:iron_pickaxe":1002,"minecraft:lectern":365,"minecraft:spruce_trapdoor":12,"minecraft:spruce_sapling":174,"minecraft:gravel":150,"minecraft:stone_axe":326,"minecraft:diamond_sword":186,"minecraft:cobblestone":272,"minecraft:grindstone":1,"minecraft:smithing_table":1,"minecraft:bucket":25,"minecraft:yellow_bed":5,"minecraft:bone_meal":33},"minecraft:custom":{"minecraft:interact_with_smithing_table":5,"minecraft:mob_kills":56,"minecraft:interact_with_anvil":17,"minecraft:interact_with_crafting_table":72,"minecraft:bell_ring":159,"minecraft:leave_game":4,"minecraft:time_since_death":493463,"minecraft:sprint_one_cm":1096603,"minecraft:walk_one_cm":1504853,"minecraft:damage_blocked_by_shield":1132,"minecraft:drop":270,"minecraft:talked_to_villager":773,"minecraft:play_time":501680,"minecraft:deaths":3,"minecraft:sneak_time":12275,"minecraft:walk_under_water_one_cm":4584,"minecraft:boat_one_cm":11152,"minecraft:jump":6246,"minecraft:interact_with_blast_furnace":3,"minecraft:walk_on_water_one_cm":38365,"minecraft:total_world_time":501680,"minecraft:interact_with_furnace":11,"minecraft:traded_with_villager":1211,"minecraft:interact_with_grindstone":1,"minecraft:sleep_in_bed":14,"minecraft:time_since_rest":46599,"minecraft:damage_taken":3780,"minecraft:minecart_one_cm":281,"minecraft:damage_dealt":38596,"minecraft:swim_one_cm":10813,"minecraft:player_kills":1,"minecraft:fly_one_cm":677746,"minecraft:open_chest":573,"minecraft:crouch_one_cm":50865,"minecraft:fall_one_cm":119015},"minecraft:picked_up":{"minecraft:iron_chestplate":3,"minecraft:crafting_table":1,"minecraft:wheat":21,"minecraft:azure_bluet":15,"minecraft:chainmail_boots":12,"minecraft:lead":3,"minecraft:oak_stairs":1,"minecraft:acacia_pressure_plate":1,"minecraft:shield":6,"minecraft:string":3,"minecraft:iron_axe":1,"minecraft:iron_leggings":1,"minecraft:netherite_scrap":8,"minecraft:diamond_leggings":1,"minecraft:bucket":1,"minecraft:spruce_planks":400,"minecraft:beef":2,"minecraft:poppy":41,"minecraft:spruce_slab":99,"minecraft:lectern":355,"minecraft:minecart":23,"minecraft:chest":20,"minecraft:spruce_trapdoor":4,"minecraft:iron_boots":11,"minecraft:furnace":3,"minecraft:stick":460,"minecraft:raw_iron":4,"minecraft:acacia_fence":33,"minecraft:oak_fence":38,"minecraft:composter":1,"minecraft:torch":50,"minecraft:acacia_log":61,"minecraft:porkchop":1,"minecraft:carrot":131,"minecraft:orange_bed":6,"minecraft:rotten_flesh":6,"minecraft:stone_sword":3,"minecraft:arrow":1,"minecraft:stone_shovel":1,"minecraft:diamond_boots":1,"minecraft:hay_block":36,"minecraft:bookshelf":2,"minecraft:gold_ingot":33,"minecraft:mutton":2,"minecraft:rail":292,"minecraft:white_wool":1,"minecraft:cobblestone":1064,"minecraft:birch_log":7,"minecraft:stripped_oak_log":12,"minecraft:pink_petals":12,"minecraft:cooked_beef":20,"minecraft:cherry_planks":52,"minecraft:leather":7,"minecraft:potato":12,"minecraft:acacia_wood":1,"minecraft:flint":10,"minecraft:oak_log":75,"minecraft:cobblestone_wall":5,"minecraft:yellow_bed":3,"minecraft:gunpowder":1,"minecraft:dirt":102,"minecraft:bone":1,"minecraft:acacia_planks":58,"minecraft:apple":1,"minecraft:raw_gold":26,"minecraft:wheat_seeds":10,"minecraft:grindstone":1,"minecraft:oak_fence_gate":9,"minecraft:iron_ingot":185,"minecraft:stone_pickaxe":2,"minecraft:fletching_table":26,"minecraft:rabbit":1,"minecraft:iron_sword":3,"minecraft:oak_planks":3,"minecraft:book":70,"minecraft:dandelion":10,"minecraft:oak_pressure_plate":1,"minecraft:gravel":145,"minecraft:spruce_sapling":213,"minecraft:blast_furnace":9,"minecraft:white_bed":9,"minecraft:spruce_log":3866,"minecraft:mossy_cobblestone":1,"minecraft:diamond":65,"minecraft:stone_axe":6,"minecraft:spruce_boat":9,"minecraft:spruce_button":1,"minecraft:chainmail_helmet":15,"minecraft:emerald":132,"minecraft:bread":25,"minecraft:oak_sapling":1,"minecraft:bricks":1,"minecraft:coal":175,"minecraft:diamond_pickaxe":1},"minecraft:broken":{"minecraft:stone_axe":2,"minecraft:iron_sword":1,"minecraft:iron_pickaxe":4},"minecraft:killed":{"minecraft:spider":3,"minecraft:skeleton":1,"minecraft:pig":1,"minecraft:iron_golem":34,"minecraft:creeper":1,"minecraft:sheep":2,"minecraft:trader_llama":2,"minecraft:donkey":1,"minecraft:zombie":5,"minecraft:villager":1,"minecraft:enderman":1,"minecraft:cow":1},"minecraft:mined":{"minecraft:spruce_planks":26,"minecraft:white_bed":6,"minecraft:mossy_cobblestone":1,"minecraft:spruce_trapdoor":4,"minecraft:acacia_log":1,"minecraft:grass_block":25,"minecraft:spruce_leaves":54,"minecraft:hay_block":36,"minecraft:spruce_sapling":27,"minecraft:furnace":2,"minecraft:carrots":19,"minecraft:iron_ore":4,"minecraft:fletching_table":26,"minecraft:azure_bluet":3,"minecraft:bookshelf":16,"minecraft:rail":281,"minecraft:dirt_path":8,"minecraft:oak_stairs":1,"minecraft:stone":795,"minecraft:spruce_slab":29,"minecraft:orange_bed":5,"minecraft:podzol":2,"minecraft:dandelion":8,"minecraft:oak_fence":6,"minecraft:crafting_table":1,"minecraft:torch":4,"minecraft:short_grass":49,"minecraft:blast_furnace":9,"minecraft:chest":7,"minecraft:lectern":350,"minecraft:cobblestone":180,"minecraft:tall_grass":16,"minecraft:grindstone":1,"minecraft:oak_planks":3,"minecraft:bricks":1,"minecraft:wall_torch":12,"minecraft:pink_petals":2,"minecraft:cobblestone_wall":6,"minecraft:spruce_log":10,"minecraft:yellow_bed":3,"minecraft:coal_ore":71,"minecraft:oak_fence_gate":10,"minecraft:gravel":94,"minecraft:dirt":42,"minecraft:oak_leaves":3},"minecraft:dropped":{"minecraft:bread":174,"minecraft:iron_ingot":27,"minecraft:iron_sword":3,"minecraft:porkchop":1,"minecraft:acacia_wood":1,"minecraft:wheat_seeds":7,"minecraft:diamond":30,"minecraft:diamond_leggings":2,"minecraft:oak_fence":14,"minecraft:cobblestone":1,"minecraft:book":7,"minecraft:rail":1,"minecraft:stick":443,"minecraft:emerald":214,"minecraft:dirt":14,"minecraft:torch":23,"minecraft:mutton":1,"minecraft:diamond_helmet":1,"minecraft:iron_axe":1,"minecraft:pink_petals":6,"minecraft:birch_log":7,"minecraft:white_wool":1,"minecraft:acacia_planks":77,"minecraft:spruce_sapling":9,"minecraft:dandelion":1,"minecraft:stone_axe":5,"minecraft:wheat":19,"minecraft:stone_shovel":1,"minecraft:rotten_flesh":2,"minecraft:oak_planks":3,"minecraft:azure_bluet":8,"minecraft:white_bed":6,"minecraft:carrot":50,"minecraft:poppy":15,"minecraft:potato":12,"minecraft:shield":2,"minecraft:diamond_chestplate":1,"minecraft:spruce_planks":195,"minecraft:hopper":7,"minecraft:spruce_slab":56,"minecraft:diamond_boots":2,"minecraft:acacia_fence":33,"minecraft:acacia_pressure_plate":1,"minecraft:lectern":1},"minecraft:crafted":{"minecraft:golden_carrot":36,"minecraft:oak_planks":76,"minecraft:chainmail_helmet":16,"minecraft:stone_shovel":2,"minecraft:spruce_button":256,"minecraft:bone_meal":48,"minecraft:bookshelf":24,"minecraft:hopper":7,"minecraft:netherite_leggings":1,"minecraft:diamond_helmet":2,"minecraft:diamond_leggings":2,"minecraft:iron_boots":12,"minecraft:netherite_boots":1,"minecraft:iron_axe":2,"minecraft:spruce_slab":390,"minecraft:netherite_helmet":1,"minecraft:chest":13,"minecraft:diamond_boots":2,"minecraft:spruce_boat":1,"minecraft:netherite_upgrade_smithing_template":10,"minecraft:wheat":522,"minecraft:minecart":2,"minecraft:cooked_beef":2,"minecraft:diamond_sword":1,"minecraft:emerald":1108,"minecraft:diamond_axe":1,"minecraft:crafting_table":2,"minecraft:spruce_planks":19977,"minecraft:iron_sword":2,"minecraft:fletching_table":11,"minecraft:stone_axe":38,"minecraft:enchanted_book":23,"minecraft:bread":174,"minecraft:air":0,"minecraft:spruce_trapdoor":20,"minecraft:lectern":14,"minecraft:book":6,"minecraft:iron_chestplate":4,"minecraft:stick":36983,"minecraft:iron_ingot":11,"minecraft:chainmail_boots":12,"minecraft:iron_pickaxe":4,"minecraft:iron_block":3,"minecraft:gold_ingot":27,"minecraft:iron_shovel":1,"minecraft:iron_leggings":2,"minecraft:anvil":1,"minecraft:white_bed":3,"minecraft:netherite_ingot":2,"minecraft:acacia_planks":244,"minecraft:torch":28,"minecraft:diamond_chestplate":2},"minecraft:killed_by":{"minecraft:zombie":3}},"DataVersion":3953}