{"stats":{"minecraft:mined":{"minecraft:spruce_planks":101,"minecraft:white_bed":6,"minecraft:farmland":31,"minecraft:cobblestone_stairs":8,"minecraft:obsidian":1,"minecraft:spruce_trapdoor":9,"minecraft:granite":430,"minecraft:acacia_log":1,"minecraft:grass_block":6828,"minecraft:oak_pressure_plate":58,"minecraft:hopper":8,"minecraft:oxeye_daisy":1,"minecraft:magma_block":714,"minecraft:iron_ore":50,"minecraft:fire":5,"minecraft:fletching_table":26,"minecraft:azure_bluet":38,"minecraft:dirt_path":770,"minecraft:oak_stairs":69,"minecraft:end_stone_bricks":3,"minecraft:iron_block":70,"minecraft:spruce_slab":74,"minecraft:tripwire":39,"minecraft:orange_bed":5,"minecraft:blackstone":1,"minecraft:torch":9,"minecraft:blast_furnace":9,"minecraft:poppy":4,"minecraft:beacon":2,"minecraft:chest":20,"minecraft:nether_quartz_ore":14,"minecraft:cobblestone":513,"minecraft:sugar_cane":1,"minecraft:grindstone":1,"minecraft:oak_planks":40,"minecraft:bricks":1,"minecraft:wall_torch":16,"minecraft:pink_petals":2,"minecraft:wheat":3,"minecraft:tnt":9,"minecraft:purpur_block":1,"minecraft:smooth_stone_slab":11,"minecraft:oak_log":1,"minecraft:oak_fence_gate":11,"minecraft:sand":2,"minecraft:dirt":15336,"minecraft:tripwire_hook":5,"minecraft:netherrack":784,"minecraft:oak_leaves":3,"minecraft:emerald_block":127,"minecraft:nether_gold_ore":3,"minecraft:mossy_cobblestone":12,"minecraft:oak_door":3,"minecraft:end_stone":9,"minecraft:lever":2,"minecraft:spruce_leaves":55,"minecraft:hay_block":51,"minecraft:oak_trapdoor":12,"minecraft:spruce_sapling":27,"minecraft:furnace":2,"minecraft:carrots":19,"minecraft:snow":3,"minecraft:andesite":37,"minecraft:bookshelf":16,"minecraft:rail":284,"minecraft:stone":5095,"minecraft:podzol":15,"minecraft:glass_pane":8,"minecraft:magenta_stained_glass":1,"minecraft:infested_stone_bricks":1,"minecraft:snow_block":46,"minecraft:dandelion":25,"minecraft:oak_fence":6,"minecraft:crafting_table":4,"minecraft:short_grass":238,"minecraft:spruce_button":21,"minecraft:lectern":438,"minecraft:tall_grass":25,"minecraft:copper_ore":3,"minecraft:diorite":34,"minecraft:cobblestone_wall":11,"minecraft:spruce_log":11,"minecraft:yellow_bed":5,"minecraft:coal_ore":154,"minecraft:gravel":222,"minecraft:cobweb":1,"minecraft:cracked_stone_bricks":2,"minecraft:stone_bricks":1},"minecraft:broken":{"minecraft:stone_axe":2,"minecraft:iron_sword":1,"minecraft:flint_and_steel":2,"minecraft:iron_pickaxe":4},"minecraft:picked_up":{"minecraft:shulker_shell":6,"minecraft:iron_chestplate":3,"minecraft:wheat":41,"minecraft:chainmail_boots":12,"minecraft:lead":5,"minecraft:diamond_sword":10,"minecraft:oak_stairs":42,"minecraft:acacia_pressure_plate":1,"minecraft:enchanted_book":16,"minecraft:potion":3,"minecraft:string":42,"minecraft:iron_leggings":1,"minecraft:diamond_leggings":1,"minecraft:gold_nugget":39,"minecraft:bucket":6,"minecraft:spruce_planks":712,"minecraft:netherite_upgrade_smithing_template":1,"minecraft:iron_boots":11,"minecraft:furnace":3,"minecraft:tipped_arrow":1,"minecraft:stick":1294,"minecraft:acacia_fence":33,"minecraft:composter":1,"minecraft:oak_fence":52,"minecraft:torch":331,"minecraft:acacia_log":61,"minecraft:porkchop":1,"minecraft:pointed_dripstone":1,"minecraft:diorite":66,"minecraft:orange_bed":6,"minecraft:stone_sword":3,"minecraft:rotten_flesh":89,"minecraft:iron_block":66,"minecraft:bookshelf":2,"minecraft:netherite_chestplate":6,"minecraft:obsidian":1,"minecraft:snowball":155,"minecraft:blaze_powder":10,"minecraft:cobblestone":4522,"minecraft:birch_log":13,"minecraft:pink_petals":12,"minecraft:magma_block":651,"minecraft:leather_chestplate":4,"minecraft:cooked_beef":20,"minecraft:cherry_planks":52,"minecraft:water_bucket":2,"minecraft:andesite":89,"minecraft:beacon":1,"minecraft:potato":23,"minecraft:flint":18,"minecraft:netherite_leggings":6,"minecraft:dirt":8434,"minecraft:bone":6,"minecraft:acacia_planks":58,"minecraft:bow":5,"minecraft:wheat_seeds":150,"minecraft:raw_gold":26,"minecraft:grindstone":1,"minecraft:fletching_table":26,"minecraft:rabbit":2,"minecraft:glowstone_dust":4,"minecraft:oak_planks":19,"minecraft:oak_pressure_plate":87,"minecraft:sand":1,"minecraft:mossy_cobblestone":8,"minecraft:diamond":65,"minecraft:netherite_helmet":5,"minecraft:spruce_boat":10,"minecraft:lever":3,"minecraft:crossbow":2,"minecraft:granite":408,"minecraft:bread":134,"minecraft:spruce_button":39,"minecraft:chainmail_helmet":17,"minecraft:emerald":803,"minecraft:oak_sapling":3,"minecraft:chorus_fruit":7,"minecraft:netherrack":855,"minecraft:bricks":1,"minecraft:end_stone_bricks":3,"minecraft:diamond_pickaxe":1,"minecraft:crafting_table":2,"minecraft:azure_bluet":199,"minecraft:ominous_bottle":1,"minecraft:shield":11,"minecraft:dragon_breath":3,"minecraft:cornflower":4,"minecraft:oak_trapdoor":10,"minecraft:elytra":1,"minecraft:iron_axe":5,"minecraft:flint_and_steel":1,"minecraft:netherite_scrap":8,"minecraft:iron_shovel":5,"minecraft:cracked_stone_bricks":3,"minecraft:beef":2,"minecraft:oak_boat":1,"minecraft:poppy":60,"minecraft:lectern":443,"minecraft:spruce_slab":192,"minecraft:minecart":24,"minecraft:sugar_cane":6,"minecraft:chest":26,"minecraft:spruce_trapdoor":9,"minecraft:raw_iron":99,"minecraft:end_stone":8,"minecraft:oak_door":2,"minecraft:carrot":137,"minecraft:redstone":29,"minecraft:netherite_pickaxe":8,"minecraft:tnt":27,"minecraft:arrow":90,"minecraft:stone_shovel":1,"minecraft:diamond_boots":2,"minecraft:hay_block":77,"minecraft:saddle":11,"minecraft:gold_ingot":37,"minecraft:totem_of_undying":13,"minecraft:mutton":5,"minecraft:white_wool":2,"minecraft:rail":296,"minecraft:oxeye_daisy":4,"minecraft:stripped_oak_log":16,"minecraft:netherite_boots":5,"minecraft:golden_carrot":166,"minecraft:tripwire_hook":7,"minecraft:leather":7,"minecraft:acacia_wood":1,"minecraft:oak_log":171,"minecraft:cobblestone_wall":5,"minecraft:yellow_bed":5,"minecraft:gunpowder":20,"minecraft:cobblestone_stairs":5,"minecraft:paper":11,"minecraft:white_banner":34,"minecraft:stone_bricks":1,"minecraft:apple":6,"minecraft:oak_fence_gate":10,"minecraft:rabbit_hide":2,"minecraft:iron_ingot":259,"minecraft:stone_pickaxe":2,"minecraft:glass_bottle":12,"minecraft:iron_sword":3,"minecraft:book":95,"minecraft:warped_fungus":1,"minecraft:emerald_block":163,"minecraft:quartz":28,"minecraft:dandelion":143,"minecraft:dripstone_block":1,"minecraft:gravel":273,"minecraft:spruce_sapling":233,"minecraft:blast_furnace":12,"minecraft:white_bed":10,"minecraft:spruce_log":5694,"minecraft:spider_eye":25,"minecraft:diamond_shovel":11,"minecraft:stone_axe":6,"minecraft:diamond_axe":7,"minecraft:coal":311,"minecraft:hopper":8,"minecraft:ender_pearl":3},"minecraft:killed_by":{"minecraft:ravager":1,"minecraft:vindicator":3,"minecraft:zombie":3,"minecraft:player":1},"minecraft:used":{"minecraft:iron_shovel":99,"minecraft:spruce_slab":383,"minecraft:elytra":1,"minecraft:chest":23,"minecraft:shield":37,"minecraft:iron_sword":406,"minecraft:carrot":48,"minecraft:snowball":16,"minecraft:obsidian":7,"minecraft:spruce_boat":7,"minecraft:lava_bucket":1,"minecraft:bricks":1,"minecraft:netherite_boots":1,"minecraft:bow":194,"minecraft:hay_block":2,"minecraft:ominous_bottle":1,"minecraft:furnace":2,"minecraft:gold_block":35,"minecraft:end_stone_bricks":2,"minecraft:diamond_boots":1,"minecraft:chorus_fruit":4,"minecraft:stone_pickaxe":54,"minecraft:diamond_axe":483,"minecraft:sugar_cane":6,"minecraft:white_wool":1,"minecraft:sand":2,"minecraft:netherite_leggings":3,"minecraft:blast_furnace":9,"minecraft:netherite_helmet":2,"minecraft:end_stone":1,"minecraft:shears":19,"minecraft:lever":3,"minecraft:bread":72,"minecraft:string":75,"minecraft:lectern":453,"minecraft:oak_pressure_plate":4,"minecraft:gravel":150,"minecraft:diamond_sword":960,"minecraft:grindstone":1,"minecraft:smithing_table":1,"minecraft:bone_meal":33,"minecraft:stone_sword":68,"minecraft:flint_and_steel":127,"minecraft:stone_shovel":106,"minecraft:spruce_planks":131,"minecraft:netherrack":30,"minecraft:orange_bed":6,"minecraft:torch":61,"minecraft:dirt":3030,"minecraft:anvil":2,"minecraft:hopper":8,"minecraft:oak_fence_gate":6,"minecraft:bookshelf":12,"minecraft:iron_block":75,"minecraft:iron_axe":111,"minecraft:oak_stairs":1,"minecraft:totem_of_undying":2,"minecraft:tripwire_hook":8,"minecraft:golden_carrot":137,"minecraft:emerald_block":85,"minecraft:netherite_pickaxe":4187,"minecraft:minecart":22,"minecraft:cooked_beef":8,"minecraft:acacia_planks":36,"minecraft:water_bucket":49,"minecraft:snow_block":25,"minecraft:glass_bottle":2,"minecraft:netherite_chestplate":2,"minecraft:cherry_planks":42,"minecraft:beacon":1,"minecraft:fletching_table":32,"minecraft:cracked_stone_bricks":1,"minecraft:rail":117,"minecraft:tnt":9,"minecraft:crafting_table":3,"minecraft:white_bed":8,"minecraft:spruce_log":72,"minecraft:oak_log":1,"minecraft:diamond_pickaxe":3185,"minecraft:diamond_shovel":23237,"minecraft:iron_pickaxe":1002,"minecraft:spruce_trapdoor":17,"minecraft:spruce_sapling":174,"minecraft:stone_axe":326,"minecraft:cobblestone":822,"minecraft:potion":3,"minecraft:bucket":50,"minecraft:yellow_bed":7},"minecraft:custom":{"minecraft:interact_with_crafting_table":99,"minecraft:bell_ring":173,"minecraft:leave_game":17,"minecraft:time_since_death":28064,"minecraft:sprint_one_cm":2489712,"minecraft:damage_blocked_by_shield":2182,"minecraft:drop":584,"minecraft:talked_to_villager":1089,"minecraft:play_time":1040615,"minecraft:deaths":9,"minecraft:jump":17005,"minecraft:interact_with_brewingstand":1,"minecraft:walk_on_water_one_cm":128433,"minecraft:interact_with_furnace":15,"minecraft:traded_with_villager":2059,"minecraft:sleep_in_bed":16,"minecraft:open_enderchest":1,"minecraft:damage_dealt":80875,"minecraft:interact_with_beacon":4,"minecraft:player_kills":1,"minecraft:crouch_one_cm":118832,"minecraft:horse_one_cm":3781,"minecraft:interact_with_smithing_table":7,"minecraft:mob_kills":235,"minecraft:interact_with_anvil":36,"minecraft:inspect_hopper":5,"minecraft:climb_one_cm":8530,"minecraft:walk_one_cm":3759318,"minecraft:raid_win":1,"minecraft:sneak_time":31797,"minecraft:walk_under_water_one_cm":24963,"minecraft:boat_one_cm":11152,"minecraft:interact_with_blast_furnace":3,"minecraft:total_world_time":1040615,"minecraft:raid_trigger":1,"minecraft:interact_with_grindstone":1,"minecraft:time_since_rest":28307,"minecraft:damage_taken":16271,"minecraft:damage_absorbed":30,"minecraft:minecart_one_cm":281,"minecraft:swim_one_cm":34572,"minecraft:fly_one_cm":2992553,"minecraft:open_chest":1167,"minecraft:aviate_one_cm":1803,"minecraft:fall_one_cm":364251},"minecraft:dropped":{"minecraft:iron_sword":3,"minecraft:acacia_wood":1,"minecraft:porkchop":1,"minecraft:diamond_axe":3,"minecraft:oak_pressure_plate":82,"minecraft:warped_fungus":1,"minecraft:oak_log":8,"minecraft:ender_pearl":1,"minecraft:glass_bottle":6,"minecraft:diamond":30,"minecraft:crafting_table":1,"minecraft:netherite_upgrade_smithing_template":1,"minecraft:crossbow":2,"minecraft:cracked_stone_bricks":1,"minecraft:saddle":11,"minecraft:rail":1,"minecraft:dragon_breath":5,"minecraft:emerald":258,"minecraft:cobblestone_stairs":1,"minecraft:dirt":177,"minecraft:cornflower":2,"minecraft:mutton":4,"minecraft:gold_nugget":39,"minecraft:bone_meal":15,"minecraft:birch_log":7,"minecraft:white_wool":1,"minecraft:gold_ingot":4,"minecraft:bone":5,"minecraft:stone_axe":5,"minecraft:emerald_block":58,"minecraft:lever":1,"minecraft:wheat":19,"minecraft:pointed_dripstone":1,"minecraft:rotten_flesh":82,"minecraft:oak_planks":4,"minecraft:diamond_shovel":6,"minecraft:end_stone":5,"minecraft:glowstone_dust":4,"minecraft:azure_bluet":229,"minecraft:white_bed":6,"minecraft:carrot":50,"minecraft:eye_armor_trim_smithing_template":2,"minecraft:poppy":32,"minecraft:rabbit_hide":2,"minecraft:oak_fence_gate":1,"minecraft:leather_chestplate":4,"minecraft:gunpowder":7,"minecraft:hopper":7,"minecraft:spruce_slab":121,"minecraft:arrow":7,"minecraft:end_stone_bricks":1,"minecraft:acacia_fence":33,"minecraft:quartz":28,"minecraft:netherrack":578,"minecraft:acacia_pressure_plate":1,"minecraft:lectern":1,"minecraft:water_bucket":1,"minecraft:iron_ingot":44,"minecraft:bread":280,"minecraft:netherite_pickaxe":2,"minecraft:wheat_seeds":85,"minecraft:tnt":18,"minecraft:mossy_cobblestone":2,"minecraft:diamond_leggings":2,"minecraft:netherite_chestplate":1,"minecraft:lead":2,"minecraft:oak_fence":14,"minecraft:book":31,"minecraft:cobblestone":417,"minecraft:granite":408,"minecraft:spruce_button":36,"minecraft:chainmail_helmet":1,"minecraft:stick":1272,"minecraft:oxeye_daisy":4,"minecraft:diamond_horse_armor":1,"minecraft:diorite":66,"minecraft:torch":52,"minecraft:rabbit":1,"minecraft:diamond_helmet":1,"minecraft:oak_stairs":1,"minecraft:white_banner":4,"minecraft:iron_axe":7,"minecraft:iron_shovel":3,"minecraft:string":2,"minecraft:tripwire_hook":2,"minecraft:pink_petals":6,"minecraft:bucket":2,"minecraft:acacia_planks":77,"minecraft:spruce_sapling":17,"minecraft:dandelion":140,"minecraft:redstone":23,"minecraft:oak_trapdoor":8,"minecraft:stone_shovel":1,"minecraft:stripped_oak_log":1,"minecraft:ender_eye":10,"minecraft:totem_of_undying":3,"minecraft:blast_furnace":3,"minecraft:diamond_sword":5,"minecraft:potato":12,"minecraft:hay_block":13,"minecraft:spruce_boat":2,"minecraft:shield":3,"minecraft:diamond_chestplate":1,"minecraft:spruce_trapdoor":2,"minecraft:spruce_planks":420,"minecraft:andesite":82,"minecraft:stone_bricks":1,"minecraft:spider_eye":25,"minecraft:diamond_boots":3},"minecraft:killed":{"minecraft:witch":7,"minecraft:spider":7,"minecraft:shulker":7,"minecraft:wither":1,"minecraft:skeleton":10,"minecraft:skeleton_horse":1,"minecraft:pig":2,"minecraft:iron_golem":46,"minecraft:creeper":5,"minecraft:sheep":3,"minecraft:trader_llama":2,"minecraft:pillager":49,"minecraft:zombie":32,"minecraft:donkey":1,"minecraft:cow":1,"minecraft:evoker":4,"minecraft:vex":12,"minecraft:vindicator":29,"minecraft:rabbit":1,"minecraft:ravager":6,"minecraft:villager":2,"minecraft:enderman":2},"minecraft:crafted":{"minecraft:oak_planks":180,"minecraft:chainmail_helmet":16,"minecraft:blaze_powder":20,"minecraft:lever":1,"minecraft:diamond_shovel":1,"minecraft:bookshelf":24,"minecraft:glass":11,"minecraft:hopper":11,"minecraft:diamond_helmet":2,"minecraft:diamond_leggings":2,"minecraft:bow":1,"minecraft:iron_boots":12,"minecraft:netherite_boots":1,"minecraft:chest":19,"minecraft:netherite_helmet":1,"minecraft:netherite_upgrade_smithing_template":10,"minecraft:ender_eye":10,"minecraft:arrow":16,"minecraft:emerald":2903,"minecraft:diamond_axe":1,"minecraft:crafting_table":2,"minecraft:spruce_planks":32797,"minecraft:gold_block":9,"minecraft:fletching_table":11,"minecraft:spruce_trapdoor":24,"minecraft:lectern":14,"minecraft:paper":9,"minecraft:iron_chestplate":4,"minecraft:book":6,"minecraft:emerald_block":76,"minecraft:shield":1,"minecraft:stick":63271,"minecraft:iron_ingot":510,"minecraft:iron_pickaxe":4,"minecraft:iron_block":75,"minecraft:snow_block":34,"minecraft:gold_ingot":27,"minecraft:netherite_ingot":2,"minecraft:shears":1,"minecraft:golden_carrot":173,"minecraft:stone_shovel":2,"minecraft:tripwire_hook":4,"minecraft:iron_nugget":171,"minecraft:spruce_button":256,"minecraft:bone_meal":48,"minecraft:flint_and_steel":2,"minecraft:netherite_leggings":1,"minecraft:iron_axe":7,"minecraft:spruce_slab":390,"minecraft:diamond_boots":2,"minecraft:spruce_boat":1,"minecraft:minecart":2,"minecraft:wheat":522,"minecraft:cooked_beef":2,"minecraft:netherite_pickaxe":1,"minecraft:diamond_sword":1,"minecraft:iron_sword":2,"minecraft:stone_axe":38,"minecraft:enchanted_book":37,"minecraft:bread":174,"minecraft:air":0,"minecraft:gold_nugget":171,"minecraft:chainmail_boots":12,"minecraft:iron_shovel":1,"minecraft:iron_leggings":2,"minecraft:anvil":2,"minecraft:white_bed":3,"minecraft:acacia_planks":244,"minecraft:torch":28,"minecraft:firework_rocket":24,"minecraft:diamond_chestplate":2}},"DataVersion":3953}