{"stats":{"minecraft:used":{"minecraft:stone_sword":68,"minecraft:iron_shovel":84,"minecraft:spruce_slab":264,"minecraft:stone_shovel":106,"minecraft:chest":19,"minecraft:spruce_planks":54,"minecraft:shield":26,"minecraft:iron_sword":406,"minecraft:orange_bed":6,"minecraft:torch":44,"minecraft:dirt":48,"minecraft:anvil":1,"minecraft:oak_fence_gate":3,"minecraft:spruce_boat":7,"minecraft:bricks":1,"minecraft:bookshelf":12,"minecraft:iron_axe":102,"minecraft:furnace":1,"minecraft:minecart":18,"minecraft:cooked_beef":8,"minecraft:acacia_planks":36,"minecraft:water_bucket":23,"minecraft:diamond_boots":1,"minecraft:stone_pickaxe":54,"minecraft:netherite_chestplate":2,"minecraft:cherry_planks":42,"minecraft:fletching_table":32,"minecraft:rail":66,"minecraft:crafting_table":3,"minecraft:blast_furnace":9,"minecraft:white_bed":4,"minecraft:spruce_log":58,"minecraft:diamond_pickaxe":1,"minecraft:bread":64,"minecraft:iron_pickaxe":1002,"minecraft:lectern":327,"minecraft:spruce_trapdoor":10,"minecraft:spruce_sapling":174,"minecraft:gravel":150,"minecraft:stone_axe":298,"minecraft:diamond_sword":45,"minecraft:cobblestone":241,"minecraft:bucket":24,"minecraft:yellow_bed":5,"minecraft:bone_meal":12},"minecraft:custom":{"minecraft:interact_with_smithing_table":4,"minecraft:mob_kills":45,"minecraft:interact_with_anvil":14,"minecraft:interact_with_crafting_table":60,"minecraft:bell_ring":106,"minecraft:leave_game":3,"minecraft:time_since_death":391105,"minecraft:sprint_one_cm":901051,"minecraft:walk_one_cm":1260535,"minecraft:damage_blocked_by_shield":1132,"minecraft:drop":200,"minecraft:talked_to_villager":685,"minecraft:play_time":399322,"minecraft:deaths":3,"minecraft:sneak_time":9884,"minecraft:walk_under_water_one_cm":4584,"minecraft:boat_one_cm":11152,"minecraft:jump":5024,"minecraft:interact_with_blast_furnace":3,"minecraft:walk_on_water_one_cm":38307,"minecraft:total_world_time":399322,"minecraft:interact_with_furnace":8,"minecraft:traded_with_villager":1002,"minecraft:sleep_in_bed":13,"minecraft:time_since_rest":21171,"minecraft:damage_taken":3103,"minecraft:damage_dealt":28918,"minecraft:swim_one_cm":10813,"minecraft:player_kills":1,"minecraft:fly_one_cm":556900,"minecraft:open_chest":445,"minecraft:crouch_one_cm":40137,"minecraft:fall_one_cm":89595},"minecraft:picked_up":{"minecraft:iron_chestplate":3,"minecraft:crafting_table":1,"minecraft:wheat":20,"minecraft:azure_bluet":3,"minecraft:chainmail_boots":12,"minecraft:lead":2,"minecraft:oak_stairs":1,"minecraft:acacia_pressure_plate":1,"minecraft:shield":6,"minecraft:string":3,"minecraft:iron_axe":1,"minecraft:iron_leggings":1,"minecraft:netherite_scrap":8,"minecraft:diamond_leggings":1,"minecraft:bucket":1,"minecraft:spruce_planks":263,"minecraft:beef":2,"minecraft:poppy":30,"minecraft:spruce_slab":88,"minecraft:lectern":319,"minecraft:minecart":17,"minecraft:chest":7,"minecraft:spruce_trapdoor":4,"minecraft:iron_boots":11,"minecraft:furnace":2,"minecraft:stick":433,"minecraft:raw_iron":4,"minecraft:acacia_fence":33,"minecraft:oak_fence":30,"minecraft:composter":1,"minecraft:torch":49,"minecraft:acacia_log":61,"minecraft:porkchop":1,"minecraft:carrot":14,"minecraft:orange_bed":6,"minecraft:rotten_flesh":6,"minecraft:stone_sword":3,"minecraft:arrow":1,"minecraft:stone_shovel":1,"minecraft:diamond_boots":1,"minecraft:hay_block":36,"minecraft:mutton":2,"minecraft:rail":74,"minecraft:white_wool":1,"minecraft:cobblestone":1009,"minecraft:birch_log":7,"minecraft:stripped_oak_log":12,"minecraft:pink_petals":12,"minecraft:cooked_beef":20,"minecraft:cherry_planks":52,"minecraft:leather":3,"minecraft:potato":12,"minecraft:acacia_wood":1,"minecraft:flint":10,"minecraft:oak_log":75,"minecraft:yellow_bed":3,"minecraft:gunpowder":1,"minecraft:dirt":101,"minecraft:bone":1,"minecraft:acacia_planks":58,"minecraft:apple":1,"minecraft:wheat_seeds":10,"minecraft:oak_fence_gate":7,"minecraft:iron_ingot":138,"minecraft:stone_pickaxe":2,"minecraft:fletching_table":26,"minecraft:rabbit":1,"minecraft:iron_sword":3,"minecraft:oak_planks":3,"minecraft:book":66,"minecraft:dandelion":7,"minecraft:oak_pressure_plate":1,"minecraft:gravel":145,"minecraft:spruce_sapling":187,"minecraft:blast_furnace":9,"minecraft:white_bed":6,"minecraft:spruce_log":2737,"minecraft:mossy_cobblestone":1,"minecraft:stone_axe":6,"minecraft:spruce_boat":8,"minecraft:chainmail_helmet":15,"minecraft:emerald":108,"minecraft:bread":23,"minecraft:oak_sapling":1,"minecraft:bricks":1,"minecraft:coal":60,"minecraft:diamond_pickaxe":1},"minecraft:broken":{"minecraft:stone_axe":2,"minecraft:iron_sword":1,"minecraft:iron_pickaxe":4},"minecraft:killed":{"minecraft:spider":3,"minecraft:skeleton":1,"minecraft:pig":1,"minecraft:iron_golem":24,"minecraft:creeper":1,"minecraft:sheep":2,"minecraft:trader_llama":2,"minecraft:zombie":5,"minecraft:villager":1,"minecraft:enderman":1,"minecraft:cow":1},"minecraft:mined":{"minecraft:spruce_planks":25,"minecraft:white_bed":3,"minecraft:mossy_cobblestone":1,"minecraft:spruce_trapdoor":4,"minecraft:acacia_log":1,"minecraft:grass_block":24,"minecraft:spruce_leaves":33,"minecraft:hay_block":36,"minecraft:spruce_sapling":27,"minecraft:furnace":1,"minecraft:carrots":1,"minecraft:iron_ore":4,"minecraft:fletching_table":26,"minecraft:azure_bluet":3,"minecraft:bookshelf":16,"minecraft:rail":71,"minecraft:dirt_path":8,"minecraft:oak_stairs":1,"minecraft:stone":778,"minecraft:spruce_slab":23,"minecraft:orange_bed":5,"minecraft:podzol":2,"minecraft:dandelion":5,"minecraft:crafting_table":1,"minecraft:torch":4,"minecraft:short_grass":47,"minecraft:blast_furnace":9,"minecraft:chest":7,"minecraft:lectern":314,"minecraft:cobblestone":150,"minecraft:tall_grass":16,"minecraft:oak_planks":3,"minecraft:bricks":1,"minecraft:wall_torch":11,"minecraft:pink_petals":2,"minecraft:spruce_log":3,"minecraft:yellow_bed":3,"minecraft:coal_ore":47,"minecraft:oak_fence_gate":8,"minecraft:gravel":94,"minecraft:dirt":42,"minecraft:oak_leaves":3},"minecraft:dropped":{"minecraft:bread":164,"minecraft:iron_ingot":27,"minecraft:iron_sword":3,"minecraft:porkchop":1,"minecraft:acacia_wood":1,"minecraft:wheat_seeds":7,"minecraft:diamond_leggings":2,"minecraft:oak_fence":14,"minecraft:cobblestone":1,"minecraft:book":6,"minecraft:rail":1,"minecraft:stick":247,"minecraft:emerald":187,"minecraft:dirt":14,"minecraft:torch":23,"minecraft:mutton":1,"minecraft:diamond_helmet":1,"minecraft:iron_axe":1,"minecraft:pink_petals":6,"minecraft:birch_log":7,"minecraft:white_wool":1,"minecraft:acacia_planks":77,"minecraft:spruce_sapling":9,"minecraft:dandelion":1,"minecraft:stone_axe":4,"minecraft:wheat":18,"minecraft:stone_shovel":1,"minecraft:rotten_flesh":2,"minecraft:oak_planks":3,"minecraft:azure_bluet":2,"minecraft:white_bed":6,"minecraft:carrot":14,"minecraft:poppy":10,"minecraft:potato":12,"minecraft:shield":2,"minecraft:diamond_chestplate":1,"minecraft:spruce_planks":67,"minecraft:spruce_slab":56,"minecraft:diamond_boots":2,"minecraft:acacia_fence":33,"minecraft:acacia_pressure_plate":1,"minecraft:lectern":1},"minecraft:crafted":{"minecraft:oak_planks":76,"minecraft:chainmail_helmet":16,"minecraft:stone_shovel":2,"minecraft:spruce_button":192,"minecraft:bone_meal":12,"minecraft:bookshelf":24,"minecraft:diamond_helmet":2,"minecraft:diamond_leggings":2,"minecraft:iron_boots":12,"minecraft:iron_axe":2,"minecraft:spruce_slab":390,"minecraft:chest":13,"minecraft:diamond_boots":2,"minecraft:spruce_boat":1,"minecraft:wheat":522,"minecraft:minecart":2,"minecraft:cooked_beef":2,"minecraft:diamond_sword":1,"minecraft:emerald":915,"minecraft:crafting_table":2,"minecraft:spruce_planks":15945,"minecraft:iron_sword":2,"minecraft:fletching_table":11,"minecraft:stone_axe":38,"minecraft:enchanted_book":19,"minecraft:bread":174,"minecraft:air":0,"minecraft:spruce_trapdoor":6,"minecraft:lectern":12,"minecraft:book":6,"minecraft:iron_chestplate":4,"minecraft:stick":29959,"minecraft:iron_ingot":4,"minecraft:chainmail_boots":12,"minecraft:iron_pickaxe":4,"minecraft:iron_block":3,"minecraft:gold_ingot":27,"minecraft:iron_shovel":1,"minecraft:iron_leggings":2,"minecraft:anvil":1,"minecraft:white_bed":3,"minecraft:netherite_ingot":2,"minecraft:acacia_planks":244,"minecraft:torch":28,"minecraft:diamond_chestplate":2},"minecraft:killed_by":{"minecraft:zombie":3}},"DataVersion":3953}