{"stats":{"minecraft:used":{"minecraft:iron_shovel":99,"minecraft:spruce_slab":376,"minecraft:chest":19,"minecraft:shield":26,"minecraft:iron_sword":406,"minecraft:carrot":48,"minecraft:spruce_boat":7,"minecraft:lava_bucket":1,"minecraft:bricks":1,"minecraft:furnace":2,"minecraft:diamond_boots":1,"minecraft:stone_pickaxe":54,"minecraft:diamond_axe":291,"minecraft:blast_furnace":9,"minecraft:bread":72,"minecraft:lectern":365,"minecraft:oak_pressure_plate":4,"minecraft:gravel":150,"minecraft:diamond_sword":339,"minecraft:grindstone":1,"minecraft:smithing_table":1,"minecraft:bone_meal":33,"minecraft:stone_sword":68,"minecraft:flint_and_steel":126,"minecraft:stone_shovel":106,"minecraft:spruce_planks":72,"minecraft:netherrack":1,"minecraft:orange_bed":6,"minecraft:torch":53,"minecraft:dirt":833,"minecraft:anvil":2,"minecraft:oak_fence_gate":5,"minecraft:bookshelf":12,"minecraft:iron_axe":109,"minecraft:oak_stairs":1,"minecraft:golden_carrot":25,"minecraft:minecart":22,"minecraft:cooked_beef":8,"minecraft:acacia_planks":36,"minecraft:water_bucket":30,"minecraft:netherite_chestplate":2,"minecraft:cherry_planks":42,"minecraft:fletching_table":32,"minecraft:rail":117,"minecraft:crafting_table":3,"minecraft:white_bed":7,"minecraft:spruce_log":72,"minecraft:oak_log":1,"minecraft:diamond_pickaxe":1993,"minecraft:diamond_shovel":13323,"minecraft:iron_pickaxe":1002,"minecraft:spruce_trapdoor":12,"minecraft:spruce_sapling":174,"minecraft:stone_axe":326,"minecraft:cobblestone":291,"minecraft:bucket":31,"minecraft:yellow_bed":5},"minecraft:custom":{"minecraft:interact_with_crafting_table":78,"minecraft:bell_ring":160,"minecraft:leave_game":5,"minecraft:time_since_death":650274,"minecraft:sprint_one_cm":1444732,"minecraft:damage_blocked_by_shield":1132,"minecraft:drop":353,"minecraft:talked_to_villager":867,"minecraft:play_time":658491,"minecraft:deaths":3,"minecraft:jump":8620,"minecraft:walk_on_water_one_cm":41346,"minecraft:interact_with_furnace":11,"minecraft:traded_with_villager":1699,"minecraft:sleep_in_bed":15,"minecraft:damage_dealt":45936,"minecraft:player_kills":1,"minecraft:crouch_one_cm":58566,"minecraft:interact_with_smithing_table":5,"minecraft:interact_with_anvil":22,"minecraft:mob_kills":75,"minecraft:climb_one_cm":1022,"minecraft:walk_one_cm":2438884,"minecraft:walk_under_water_one_cm":4832,"minecraft:sneak_time":14089,"minecraft:boat_one_cm":11152,"minecraft:interact_with_blast_furnace":3,"minecraft:total_world_time":658491,"minecraft:interact_with_grindstone":1,"minecraft:time_since_rest":121114,"minecraft:damage_taken":5465,"minecraft:minecart_one_cm":281,"minecraft:swim_one_cm":10813,"minecraft:fly_one_cm":985781,"minecraft:open_chest":771,"minecraft:fall_one_cm":164272},"minecraft:picked_up":{"minecraft:iron_chestplate":3,"minecraft:wheat":41,"minecraft:chainmail_boots":12,"minecraft:lead":5,"minecraft:diamond_sword":1,"minecraft:oak_stairs":41,"minecraft:acacia_pressure_plate":1,"minecraft:string":3,"minecraft:iron_leggings":1,"minecraft:diamond_leggings":1,"minecraft:bucket":1,"minecraft:spruce_planks":592,"minecraft:furnace":3,"minecraft:iron_boots":11,"minecraft:stick":1151,"minecraft:acacia_fence":33,"minecraft:composter":1,"minecraft:oak_fence":52,"minecraft:torch":100,"minecraft:acacia_log":61,"minecraft:porkchop":1,"minecraft:orange_bed":6,"minecraft:stone_sword":3,"minecraft:rotten_flesh":24,"minecraft:bookshelf":2,"minecraft:cobblestone":1743,"minecraft:birch_log":7,"minecraft:pink_petals":12,"minecraft:cooked_beef":20,"minecraft:cherry_planks":52,"minecraft:andesite":7,"minecraft:potato":23,"minecraft:flint":10,"minecraft:dirt":6021,"minecraft:bone":3,"minecraft:acacia_planks":58,"minecraft:wheat_seeds":99,"minecraft:raw_gold":26,"minecraft:grindstone":1,"minecraft:fletching_table":26,"minecraft:rabbit":1,"minecraft:oak_planks":19,"minecraft:oak_pressure_plate":87,"minecraft:mossy_cobblestone":8,"minecraft:diamond":65,"minecraft:spruce_boat":10,"minecraft:granite":59,"minecraft:bread":28,"minecraft:spruce_button":24,"minecraft:chainmail_helmet":15,"minecraft:emerald":132,"minecraft:oak_sapling":3,"minecraft:bricks":1,"minecraft:netherrack":10,"minecraft:diamond_pickaxe":1,"minecraft:crafting_table":1,"minecraft:azure_bluet":131,"minecraft:shield":6,"minecraft:cornflower":1,"minecraft:flint_and_steel":1,"minecraft:iron_axe":1,"minecraft:netherite_scrap":8,"minecraft:iron_shovel":1,"minecraft:beef":2,"minecraft:poppy":43,"minecraft:minecart":23,"minecraft:spruce_slab":128,"minecraft:lectern":355,"minecraft:chest":22,"minecraft:spruce_trapdoor":4,"minecraft:raw_iron":10,"minecraft:oak_door":2,"minecraft:carrot":131,"minecraft:arrow":6,"minecraft:stone_shovel":1,"minecraft:diamond_boots":1,"minecraft:hay_block":36,"minecraft:gold_ingot":33,"minecraft:mutton":2,"minecraft:rail":292,"minecraft:white_wool":1,"minecraft:oxeye_daisy":2,"minecraft:stripped_oak_log":15,"minecraft:leather":7,"minecraft:acacia_wood":1,"minecraft:oak_log":171,"minecraft:gunpowder":10,"minecraft:yellow_bed":3,"minecraft:cobblestone_wall":5,"minecraft:cobblestone_stairs":5,"minecraft:apple":6,"minecraft:iron_ingot":205,"minecraft:oak_fence_gate":10,"minecraft:stone_pickaxe":2,"minecraft:iron_sword":3,"minecraft:book":70,"minecraft:dandelion":111,"minecraft:gravel":209,"minecraft:spruce_sapling":223,"minecraft:blast_furnace":9,"minecraft:white_bed":9,"minecraft:spruce_log":5220,"minecraft:diamond_shovel":3,"minecraft:stone_axe":6,"minecraft:diamond_axe":2,"minecraft:coal":240,"minecraft:ender_pearl":1},"minecraft:broken":{"minecraft:stone_axe":2,"minecraft:iron_sword":1,"minecraft:flint_and_steel":2,"minecraft:iron_pickaxe":4},"minecraft:killed":{"minecraft:spider":3,"minecraft:skeleton":5,"minecraft:pig":1,"minecraft:iron_golem":38,"minecraft:creeper":3,"minecraft:sheep":2,"minecraft:trader_llama":2,"minecraft:donkey":1,"minecraft:zombie":12,"minecraft:cow":1,"minecraft:villager":2,"minecraft:enderman":1},"minecraft:mined":{"minecraft:spruce_planks":50,"minecraft:white_bed":6,"minecraft:farmland":31,"minecraft:cobblestone_stairs":5,"minecraft:spruce_trapdoor":4,"minecraft:granite":72,"minecraft:acacia_log":1,"minecraft:grass_block":3647,"minecraft:oak_pressure_plate":58,"minecraft:iron_ore":8,"minecraft:fletching_table":26,"minecraft:azure_bluet":19,"minecraft:dirt_path":601,"minecraft:oak_stairs":68,"minecraft:spruce_slab":63,"minecraft:orange_bed":5,"minecraft:torch":7,"minecraft:blast_furnace":9,"minecraft:chest":16,"minecraft:cobblestone":330,"minecraft:bricks":1,"minecraft:oak_planks":40,"minecraft:grindstone":1,"minecraft:wall_torch":15,"minecraft:pink_petals":2,"minecraft:wheat":3,"minecraft:smooth_stone_slab":11,"minecraft:oak_log":1,"minecraft:oak_fence_gate":11,"minecraft:dirt":9038,"minecraft:netherrack":10,"minecraft:oak_leaves":3,"minecraft:mossy_cobblestone":12,"minecraft:oak_door":3,"minecraft:spruce_leaves":54,"minecraft:hay_block":36,"minecraft:spruce_sapling":27,"minecraft:furnace":2,"minecraft:carrots":19,"minecraft:andesite":7,"minecraft:bookshelf":16,"minecraft:rail":281,"minecraft:stone":2159,"minecraft:podzol":15,"minecraft:glass_pane":6,"minecraft:dandelion":15,"minecraft:oak_fence":6,"minecraft:crafting_table":2,"minecraft:short_grass":147,"minecraft:spruce_button":11,"minecraft:lectern":350,"minecraft:tall_grass":20,"minecraft:cobblestone_wall":11,"minecraft:spruce_log":10,"minecraft:yellow_bed":3,"minecraft:coal_ore":112,"minecraft:gravel":105},"minecraft:dropped":{"minecraft:iron_sword":3,"minecraft:acacia_wood":1,"minecraft:porkchop":1,"minecraft:diamond_axe":2,"minecraft:oak_pressure_plate":82,"minecraft:oak_log":8,"minecraft:ender_pearl":1,"minecraft:diamond":30,"minecraft:rail":1,"minecraft:cobblestone_stairs":1,"minecraft:emerald":258,"minecraft:dirt":153,"minecraft:cornflower":1,"minecraft:mutton":1,"minecraft:bone_meal":15,"minecraft:birch_log":7,"minecraft:white_wool":1,"minecraft:bone":4,"minecraft:stone_axe":5,"minecraft:wheat":19,"minecraft:rotten_flesh":20,"minecraft:oak_planks":4,"minecraft:diamond_shovel":3,"minecraft:azure_bluet":124,"minecraft:white_bed":6,"minecraft:carrot":50,"minecraft:poppy":17,"minecraft:oak_fence_gate":1,"minecraft:gunpowder":3,"minecraft:hopper":7,"minecraft:spruce_slab":56,"minecraft:arrow":5,"minecraft:acacia_fence":33,"minecraft:netherrack":4,"minecraft:acacia_pressure_plate":1,"minecraft:lectern":1,"minecraft:iron_ingot":44,"minecraft:bread":174,"minecraft:wheat_seeds":36,"minecraft:mossy_cobblestone":2,"minecraft:diamond_leggings":2,"minecraft:oak_fence":14,"minecraft:cobblestone":48,"minecraft:lead":2,"minecraft:book":17,"minecraft:granite":58,"minecraft:spruce_button":21,"minecraft:stick":1191,"minecraft:oxeye_daisy":2,"minecraft:diamond_horse_armor":1,"minecraft:torch":23,"minecraft:diamond_helmet":1,"minecraft:iron_axe":1,"minecraft:iron_shovel":1,"minecraft:pink_petals":6,"minecraft:acacia_planks":77,"minecraft:spruce_sapling":9,"minecraft:dandelion":101,"minecraft:stone_shovel":1,"minecraft:diamond_sword":1,"minecraft:potato":12,"minecraft:spruce_boat":2,"minecraft:shield":2,"minecraft:diamond_chestplate":1,"minecraft:spruce_planks":419,"minecraft:diamond_boots":2},"minecraft:crafted":{"minecraft:oak_planks":180,"minecraft:chainmail_helmet":16,"minecraft:diamond_shovel":1,"minecraft:bookshelf":24,"minecraft:hopper":7,"minecraft:diamond_helmet":2,"minecraft:diamond_leggings":2,"minecraft:iron_boots":12,"minecraft:netherite_boots":1,"minecraft:chest":13,"minecraft:netherite_helmet":1,"minecraft:netherite_upgrade_smithing_template":10,"minecraft:emerald":1590,"minecraft:diamond_axe":1,"minecraft:crafting_table":2,"minecraft:spruce_planks":29065,"minecraft:fletching_table":11,"minecraft:spruce_trapdoor":20,"minecraft:lectern":14,"minecraft:iron_chestplate":4,"minecraft:book":6,"minecraft:stick":53659,"minecraft:iron_ingot":11,"minecraft:iron_pickaxe":4,"minecraft:iron_block":6,"minecraft:gold_ingot":27,"minecraft:netherite_ingot":2,"minecraft:golden_carrot":36,"minecraft:stone_shovel":2,"minecraft:spruce_button":256,"minecraft:bone_meal":48,"minecraft:netherite_leggings":1,"minecraft:iron_axe":2,"minecraft:spruce_slab":390,"minecraft:diamond_boots":2,"minecraft:spruce_boat":1,"minecraft:minecart":2,"minecraft:wheat":522,"minecraft:cooked_beef":2,"minecraft:diamond_sword":1,"minecraft:iron_sword":2,"minecraft:stone_axe":38,"minecraft:enchanted_book":29,"minecraft:bread":174,"minecraft:air":0,"minecraft:chainmail_boots":12,"minecraft:iron_shovel":1,"minecraft:iron_leggings":2,"minecraft:anvil":2,"minecraft:white_bed":3,"minecraft:acacia_planks":244,"minecraft:torch":28,"minecraft:diamond_chestplate":2},"minecraft:killed_by":{"minecraft:zombie":3}},"DataVersion":3953}