{"stats":{"minecraft:used":{"minecraft:iron_shovel":99,"minecraft:spruce_slab":383,"minecraft:chest":23,"minecraft:shield":26,"minecraft:iron_sword":406,"minecraft:carrot":48,"minecraft:snowball":16,"minecraft:obsidian":7,"minecraft:spruce_boat":7,"minecraft:lava_bucket":1,"minecraft:bricks":1,"minecraft:bow":13,"minecraft:hay_block":2,"minecraft:ominous_bottle":1,"minecraft:furnace":2,"minecraft:gold_block":35,"minecraft:diamond_boots":1,"minecraft:stone_pickaxe":54,"minecraft:diamond_axe":458,"minecraft:sugar_cane":6,"minecraft:white_wool":1,"minecraft:sand":2,"minecraft:blast_furnace":9,"minecraft:shears":19,"minecraft:lever":3,"minecraft:bread":72,"minecraft:string":75,"minecraft:lectern":453,"minecraft:oak_pressure_plate":4,"minecraft:gravel":150,"minecraft:diamond_sword":584,"minecraft:grindstone":1,"minecraft:smithing_table":1,"minecraft:bone_meal":33,"minecraft:stone_sword":68,"minecraft:flint_and_steel":126,"minecraft:stone_shovel":106,"minecraft:spruce_planks":108,"minecraft:netherrack":1,"minecraft:orange_bed":6,"minecraft:torch":61,"minecraft:dirt":2874,"minecraft:anvil":2,"minecraft:hopper":8,"minecraft:oak_fence_gate":6,"minecraft:bookshelf":12,"minecraft:iron_block":18,"minecraft:iron_axe":109,"minecraft:oak_stairs":1,"minecraft:tripwire_hook":8,"minecraft:golden_carrot":78,"minecraft:emerald_block":85,"minecraft:netherite_pickaxe":2532,"minecraft:minecart":22,"minecraft:cooked_beef":8,"minecraft:acacia_planks":36,"minecraft:water_bucket":44,"minecraft:snow_block":25,"minecraft:netherite_chestplate":2,"minecraft:cherry_planks":42,"minecraft:fletching_table":32,"minecraft:rail":117,"minecraft:crafting_table":3,"minecraft:white_bed":8,"minecraft:spruce_log":72,"minecraft:oak_log":1,"minecraft:diamond_pickaxe":3185,"minecraft:diamond_shovel":23061,"minecraft:iron_pickaxe":1002,"minecraft:spruce_trapdoor":17,"minecraft:spruce_sapling":174,"minecraft:stone_axe":326,"minecraft:cobblestone":531,"minecraft:bucket":45,"minecraft:yellow_bed":7},"minecraft:custom":{"minecraft:interact_with_crafting_table":94,"minecraft:bell_ring":164,"minecraft:leave_game":12,"minecraft:time_since_death":147180,"minecraft:sprint_one_cm":2064826,"minecraft:damage_blocked_by_shield":1132,"minecraft:drop":457,"minecraft:talked_to_villager":1058,"minecraft:play_time":901743,"minecraft:deaths":4,"minecraft:jump":13216,"minecraft:walk_on_water_one_cm":120539,"minecraft:interact_with_furnace":15,"minecraft:traded_with_villager":1969,"minecraft:sleep_in_bed":15,"minecraft:damage_dealt":59801,"minecraft:interact_with_beacon":1,"minecraft:player_kills":1,"minecraft:crouch_one_cm":100580,"minecraft:interact_with_smithing_table":7,"minecraft:mob_kills":121,"minecraft:interact_with_anvil":27,"minecraft:inspect_hopper":4,"minecraft:climb_one_cm":6580,"minecraft:walk_one_cm":3493410,"minecraft:walk_under_water_one_cm":19545,"minecraft:sneak_time":24502,"minecraft:boat_one_cm":11152,"minecraft:interact_with_blast_furnace":3,"minecraft:total_world_time":901743,"minecraft:raid_trigger":1,"minecraft:interact_with_grindstone":1,"minecraft:time_since_rest":147225,"minecraft:damage_taken":9085,"minecraft:minecart_one_cm":281,"minecraft:swim_one_cm":29083,"minecraft:fly_one_cm":1695384,"minecraft:open_chest":1040,"minecraft:fall_one_cm":296800},"minecraft:picked_up":{"minecraft:iron_chestplate":3,"minecraft:wheat":41,"minecraft:chainmail_boots":12,"minecraft:lead":5,"minecraft:diamond_sword":4,"minecraft:oak_stairs":42,"minecraft:acacia_pressure_plate":1,"minecraft:enchanted_book":2,"minecraft:string":40,"minecraft:iron_leggings":1,"minecraft:diamond_leggings":1,"minecraft:bucket":3,"minecraft:spruce_planks":654,"minecraft:netherite_upgrade_smithing_template":1,"minecraft:furnace":3,"minecraft:iron_boots":11,"minecraft:stick":1158,"minecraft:acacia_fence":33,"minecraft:composter":1,"minecraft:oak_fence":52,"minecraft:torch":166,"minecraft:acacia_log":61,"minecraft:porkchop":1,"minecraft:pointed_dripstone":1,"minecraft:diorite":66,"minecraft:orange_bed":6,"minecraft:stone_sword":3,"minecraft:rotten_flesh":41,"minecraft:iron_block":9,"minecraft:bookshelf":2,"minecraft:netherite_chestplate":2,"minecraft:obsidian":1,"minecraft:snowball":155,"minecraft:cobblestone":4033,"minecraft:birch_log":13,"minecraft:pink_petals":12,"minecraft:cooked_beef":20,"minecraft:cherry_planks":52,"minecraft:water_bucket":2,"minecraft:andesite":89,"minecraft:potato":23,"minecraft:flint":18,"minecraft:netherite_leggings":1,"minecraft:dirt":8266,"minecraft:bone":3,"minecraft:acacia_planks":58,"minecraft:wheat_seeds":149,"minecraft:raw_gold":26,"minecraft:grindstone":1,"minecraft:rabbit":2,"minecraft:fletching_table":26,"minecraft:oak_planks":19,"minecraft:oak_pressure_plate":87,"minecraft:sand":1,"minecraft:mossy_cobblestone":8,"minecraft:diamond":65,"minecraft:netherite_helmet":1,"minecraft:spruce_boat":10,"minecraft:lever":3,"minecraft:granite":408,"minecraft:emerald":641,"minecraft:spruce_button":39,"minecraft:bread":134,"minecraft:chainmail_helmet":15,"minecraft:oak_sapling":3,"minecraft:netherrack":53,"minecraft:bricks":1,"minecraft:diamond_pickaxe":1,"minecraft:crafting_table":2,"minecraft:azure_bluet":199,"minecraft:ominous_bottle":1,"minecraft:shield":7,"minecraft:cornflower":4,"minecraft:oak_trapdoor":10,"minecraft:flint_and_steel":1,"minecraft:iron_axe":1,"minecraft:netherite_scrap":8,"minecraft:iron_shovel":1,"minecraft:beef":2,"minecraft:oak_boat":1,"minecraft:poppy":58,"minecraft:minecart":24,"minecraft:spruce_slab":192,"minecraft:lectern":443,"minecraft:sugar_cane":6,"minecraft:chest":26,"minecraft:spruce_trapdoor":9,"minecraft:raw_iron":99,"minecraft:oak_door":2,"minecraft:carrot":137,"minecraft:netherite_pickaxe":2,"minecraft:tnt":27,"minecraft:arrow":12,"minecraft:stone_shovel":1,"minecraft:diamond_boots":2,"minecraft:hay_block":77,"minecraft:gold_ingot":37,"minecraft:mutton":5,"minecraft:white_wool":2,"minecraft:rail":296,"minecraft:oxeye_daisy":4,"minecraft:stripped_oak_log":16,"minecraft:netherite_boots":1,"minecraft:golden_carrot":20,"minecraft:tripwire_hook":7,"minecraft:leather":7,"minecraft:acacia_wood":1,"minecraft:oak_log":171,"minecraft:cobblestone_wall":5,"minecraft:yellow_bed":5,"minecraft:gunpowder":14,"minecraft:cobblestone_stairs":5,"minecraft:white_banner":3,"minecraft:apple":6,"minecraft:rabbit_hide":2,"minecraft:iron_ingot":251,"minecraft:oak_fence_gate":10,"minecraft:stone_pickaxe":2,"minecraft:iron_sword":3,"minecraft:book":70,"minecraft:emerald_block":163,"minecraft:dandelion":141,"minecraft:dripstone_block":1,"minecraft:gravel":273,"minecraft:spruce_sapling":225,"minecraft:blast_furnace":12,"minecraft:white_bed":10,"minecraft:spruce_log":5220,"minecraft:spider_eye":5,"minecraft:diamond_shovel":7,"minecraft:stone_axe":6,"minecraft:diamond_axe":4,"minecraft:coal":311,"minecraft:hopper":8,"minecraft:ender_pearl":1},"minecraft:broken":{"minecraft:stone_axe":2,"minecraft:iron_sword":1,"minecraft:flint_and_steel":2,"minecraft:iron_pickaxe":4},"minecraft:killed":{"minecraft:spider":6,"minecraft:wither":1,"minecraft:skeleton":8,"minecraft:pig":1,"minecraft:iron_golem":44,"minecraft:creeper":4,"minecraft:sheep":3,"minecraft:trader_llama":2,"minecraft:pillager":14,"minecraft:zombie":21,"minecraft:donkey":1,"minecraft:cow":1,"minecraft:vindicator":6,"minecraft:rabbit":1,"minecraft:villager":2,"minecraft:enderman":1},"minecraft:mined":{"minecraft:spruce_planks":79,"minecraft:white_bed":6,"minecraft:farmland":31,"minecraft:cobblestone_stairs":6,"minecraft:obsidian":1,"minecraft:spruce_trapdoor":9,"minecraft:granite":430,"minecraft:acacia_log":1,"minecraft:grass_block":6792,"minecraft:oak_pressure_plate":58,"minecraft:hopper":8,"minecraft:oxeye_daisy":1,"minecraft:iron_ore":50,"minecraft:fire":5,"minecraft:fletching_table":26,"minecraft:azure_bluet":38,"minecraft:dirt_path":766,"minecraft:oak_stairs":69,"minecraft:iron_block":13,"minecraft:spruce_slab":74,"minecraft:tripwire":39,"minecraft:orange_bed":5,"minecraft:torch":8,"minecraft:blast_furnace":9,"minecraft:poppy":4,"minecraft:beacon":1,"minecraft:chest":20,"minecraft:cobblestone":444,"minecraft:sugar_cane":1,"minecraft:grindstone":1,"minecraft:oak_planks":40,"minecraft:bricks":1,"minecraft:wall_torch":16,"minecraft:pink_petals":2,"minecraft:wheat":3,"minecraft:tnt":9,"minecraft:smooth_stone_slab":11,"minecraft:oak_log":1,"minecraft:oak_fence_gate":11,"minecraft:sand":2,"minecraft:dirt":15242,"minecraft:tripwire_hook":5,"minecraft:netherrack":11,"minecraft:oak_leaves":3,"minecraft:emerald_block":127,"minecraft:mossy_cobblestone":12,"minecraft:oak_door":3,"minecraft:lever":2,"minecraft:spruce_leaves":54,"minecraft:hay_block":51,"minecraft:oak_trapdoor":12,"minecraft:spruce_sapling":27,"minecraft:furnace":2,"minecraft:carrots":19,"minecraft:snow":3,"minecraft:andesite":37,"minecraft:bookshelf":16,"minecraft:rail":284,"minecraft:stone":5094,"minecraft:podzol":15,"minecraft:glass_pane":8,"minecraft:snow_block":46,"minecraft:dandelion":24,"minecraft:oak_fence":6,"minecraft:crafting_table":4,"minecraft:short_grass":229,"minecraft:spruce_button":21,"minecraft:lectern":438,"minecraft:copper_ore":3,"minecraft:tall_grass":24,"minecraft:diorite":34,"minecraft:cobblestone_wall":11,"minecraft:spruce_log":10,"minecraft:yellow_bed":5,"minecraft:coal_ore":154,"minecraft:gravel":222},"minecraft:dropped":{"minecraft:iron_sword":3,"minecraft:acacia_wood":1,"minecraft:porkchop":1,"minecraft:diamond_axe":3,"minecraft:oak_pressure_plate":82,"minecraft:oak_log":8,"minecraft:ender_pearl":1,"minecraft:diamond":30,"minecraft:crafting_table":1,"minecraft:netherite_upgrade_smithing_template":1,"minecraft:rail":1,"minecraft:emerald":258,"minecraft:cobblestone_stairs":1,"minecraft:dirt":159,"minecraft:cornflower":2,"minecraft:mutton":4,"minecraft:bone_meal":15,"minecraft:birch_log":7,"minecraft:white_wool":1,"minecraft:gold_ingot":4,"minecraft:bone":4,"minecraft:stone_axe":5,"minecraft:emerald_block":58,"minecraft:lever":1,"minecraft:wheat":19,"minecraft:pointed_dripstone":1,"minecraft:rotten_flesh":34,"minecraft:oak_planks":4,"minecraft:diamond_shovel":6,"minecraft:azure_bluet":229,"minecraft:white_bed":6,"minecraft:carrot":50,"minecraft:poppy":32,"minecraft:rabbit_hide":2,"minecraft:oak_fence_gate":1,"minecraft:gunpowder":3,"minecraft:hopper":7,"minecraft:spruce_slab":121,"minecraft:arrow":7,"minecraft:acacia_fence":33,"minecraft:netherrack":4,"minecraft:acacia_pressure_plate":1,"minecraft:lectern":1,"minecraft:water_bucket":1,"minecraft:iron_ingot":44,"minecraft:bread":280,"minecraft:netherite_pickaxe":1,"minecraft:wheat_seeds":85,"minecraft:tnt":18,"minecraft:mossy_cobblestone":2,"minecraft:diamond_leggings":2,"minecraft:netherite_chestplate":1,"minecraft:lead":2,"minecraft:oak_fence":14,"minecraft:cobblestone":375,"minecraft:book":17,"minecraft:granite":408,"minecraft:spruce_button":36,"minecraft:stick":1205,"minecraft:oxeye_daisy":4,"minecraft:diamond_horse_armor":1,"minecraft:diorite":66,"minecraft:torch":52,"minecraft:rabbit":1,"minecraft:diamond_helmet":1,"minecraft:oak_stairs":1,"minecraft:iron_axe":1,"minecraft:iron_shovel":1,"minecraft:string":1,"minecraft:pink_petals":6,"minecraft:tripwire_hook":2,"minecraft:bucket":1,"minecraft:acacia_planks":77,"minecraft:spruce_sapling":11,"minecraft:dandelion":139,"minecraft:oak_trapdoor":8,"minecraft:stone_shovel":1,"minecraft:stripped_oak_log":1,"minecraft:blast_furnace":3,"minecraft:diamond_sword":3,"minecraft:potato":12,"minecraft:hay_block":13,"minecraft:spruce_boat":2,"minecraft:shield":3,"minecraft:diamond_chestplate":1,"minecraft:spruce_trapdoor":2,"minecraft:spruce_planks":420,"minecraft:andesite":82,"minecraft:spider_eye":5,"minecraft:diamond_boots":3},"minecraft:crafted":{"minecraft:oak_planks":180,"minecraft:chainmail_helmet":16,"minecraft:lever":1,"minecraft:diamond_shovel":1,"minecraft:bookshelf":24,"minecraft:glass":11,"minecraft:hopper":11,"minecraft:diamond_helmet":2,"minecraft:bow":1,"minecraft:diamond_leggings":2,"minecraft:iron_boots":12,"minecraft:netherite_boots":1,"minecraft:chest":19,"minecraft:netherite_helmet":1,"minecraft:netherite_upgrade_smithing_template":10,"minecraft:arrow":16,"minecraft:emerald":2839,"minecraft:diamond_axe":1,"minecraft:crafting_table":2,"minecraft:spruce_planks":31925,"minecraft:gold_block":9,"minecraft:fletching_table":11,"minecraft:spruce_trapdoor":24,"minecraft:lectern":14,"minecraft:iron_chestplate":4,"minecraft:book":6,"minecraft:emerald_block":76,"minecraft:stick":61846,"minecraft:iron_ingot":60,"minecraft:iron_pickaxe":4,"minecraft:iron_block":23,"minecraft:snow_block":34,"minecraft:gold_ingot":27,"minecraft:netherite_ingot":2,"minecraft:shears":1,"minecraft:golden_carrot":101,"minecraft:stone_shovel":2,"minecraft:tripwire_hook":4,"minecraft:iron_nugget":171,"minecraft:spruce_button":256,"minecraft:bone_meal":48,"minecraft:netherite_leggings":1,"minecraft:iron_axe":2,"minecraft:spruce_slab":390,"minecraft:diamond_boots":2,"minecraft:spruce_boat":1,"minecraft:minecart":2,"minecraft:wheat":522,"minecraft:cooked_beef":2,"minecraft:netherite_pickaxe":1,"minecraft:diamond_sword":1,"minecraft:iron_sword":2,"minecraft:stone_axe":38,"minecraft:enchanted_book":35,"minecraft:bread":174,"minecraft:air":0,"minecraft:gold_nugget":171,"minecraft:chainmail_boots":12,"minecraft:iron_shovel":1,"minecraft:iron_leggings":2,"minecraft:anvil":2,"minecraft:white_bed":3,"minecraft:acacia_planks":244,"minecraft:torch":28,"minecraft:diamond_chestplate":2},"minecraft:killed_by":{"minecraft:zombie":3}},"DataVersion":3953}