{"stats":{"minecraft:broken":{"minecraft:flint_and_steel":2,"minecraft:stone_axe":2,"minecraft:iron_sword":1,"minecraft:iron_pickaxe":4},"minecraft:dropped":{"minecraft:bread":174,"minecraft:porkchop":1,"minecraft:iron_ingot":44,"minecraft:iron_sword":3,"minecraft:acacia_wood":1,"minecraft:diamond_axe":2,"minecraft:wheat_seeds":12,"minecraft:oak_log":8,"minecraft:diamond":30,"minecraft:diamond_leggings":2,"minecraft:oak_fence":14,"minecraft:book":17,"minecraft:cobblestone":12,"minecraft:spruce_button":14,"minecraft:rail":1,"minecraft:emerald":258,"minecraft:stick":659,"minecraft:oxeye_daisy":2,"minecraft:diamond_horse_armor":1,"minecraft:dirt":91,"minecraft:torch":23,"minecraft:cornflower":1,"minecraft:mutton":1,"minecraft:diamond_helmet":1,"minecraft:bone_meal":15,"minecraft:iron_axe":1,"minecraft:iron_shovel":1,"minecraft:spruce_sapling":9,"minecraft:pink_petals":6,"minecraft:birch_log":7,"minecraft:white_wool":1,"minecraft:bone":2,"minecraft:acacia_planks":77,"minecraft:dandelion":3,"minecraft:stone_axe":5,"minecraft:wheat":19,"minecraft:stone_shovel":1,"minecraft:rotten_flesh":4,"minecraft:oak_planks":4,"minecraft:diamond_shovel":2,"minecraft:azure_bluet":42,"minecraft:white_bed":6,"minecraft:carrot":50,"minecraft:diamond_sword":1,"minecraft:poppy":17,"minecraft:potato":12,"minecraft:spruce_boat":2,"minecraft:shield":2,"minecraft:gunpowder":3,"minecraft:diamond_chestplate":1,"minecraft:spruce_planks":227,"minecraft:hopper":7,"minecraft:spruce_slab":56,"minecraft:diamond_boots":2,"minecraft:acacia_fence":33,"minecraft:acacia_pressure_plate":1,"minecraft:lectern":1},"minecraft:mined":{"minecraft:spruce_planks":50,"minecraft:white_bed":6,"minecraft:mossy_cobblestone":10,"minecraft:oak_door":2,"minecraft:cobblestone_stairs":4,"minecraft:spruce_trapdoor":4,"minecraft:acacia_log":1,"minecraft:grass_block":2158,"minecraft:oak_pressure_plate":58,"minecraft:spruce_leaves":54,"minecraft:hay_block":36,"minecraft:carrots":19,"minecraft:spruce_sapling":27,"minecraft:furnace":2,"minecraft:iron_ore":8,"minecraft:fletching_table":26,"minecraft:azure_bluet":15,"minecraft:bookshelf":16,"minecraft:dirt_path":579,"minecraft:rail":281,"minecraft:oak_stairs":67,"minecraft:stone":1971,"minecraft:spruce_slab":63,"minecraft:orange_bed":5,"minecraft:podzol":15,"minecraft:glass_pane":6,"minecraft:dandelion":12,"minecraft:oak_fence":6,"minecraft:crafting_table":2,"minecraft:torch":7,"minecraft:short_grass":109,"minecraft:spruce_button":11,"minecraft:blast_furnace":9,"minecraft:chest":16,"minecraft:lectern":350,"minecraft:cobblestone":308,"minecraft:tall_grass":20,"minecraft:oak_planks":31,"minecraft:grindstone":1,"minecraft:bricks":1,"minecraft:wall_torch":15,"minecraft:pink_petals":2,"minecraft:cobblestone_wall":11,"minecraft:wheat":3,"minecraft:smooth_stone_slab":11,"minecraft:spruce_log":10,"minecraft:yellow_bed":3,"minecraft:coal_ore":104,"minecraft:oak_log":1,"minecraft:oak_fence_gate":11,"minecraft:gravel":102,"minecraft:dirt":5912,"minecraft:netherrack":5,"minecraft:oak_leaves":3,"minecraft:farmland":31},"minecraft:picked_up":{"minecraft:iron_chestplate":3,"minecraft:crafting_table":1,"minecraft:wheat":41,"minecraft:azure_bluet":82,"minecraft:chainmail_boots":12,"minecraft:lead":3,"minecraft:diamond_sword":1,"minecraft:oak_stairs":41,"minecraft:acacia_pressure_plate":1,"minecraft:shield":6,"minecraft:cornflower":1,"minecraft:string":3,"minecraft:iron_axe":1,"minecraft:iron_leggings":1,"minecraft:flint_and_steel":1,"minecraft:netherite_scrap":8,"minecraft:iron_shovel":1,"minecraft:diamond_leggings":1,"minecraft:bucket":1,"minecraft:spruce_planks":456,"minecraft:beef":2,"minecraft:poppy":43,"minecraft:lectern":355,"minecraft:spruce_slab":128,"minecraft:minecart":23,"minecraft:chest":22,"minecraft:spruce_trapdoor":4,"minecraft:iron_boots":11,"minecraft:furnace":3,"minecraft:stick":625,"minecraft:raw_iron":10,"minecraft:oak_door":2,"minecraft:acacia_fence":33,"minecraft:composter":1,"minecraft:oak_fence":52,"minecraft:torch":100,"minecraft:acacia_log":61,"minecraft:porkchop":1,"minecraft:carrot":131,"minecraft:orange_bed":6,"minecraft:stone_sword":3,"minecraft:arrow":1,"minecraft:rotten_flesh":19,"minecraft:stone_shovel":1,"minecraft:diamond_boots":1,"minecraft:hay_block":36,"minecraft:bookshelf":2,"minecraft:gold_ingot":33,"minecraft:mutton":2,"minecraft:rail":292,"minecraft:white_wool":1,"minecraft:cobblestone":1575,"minecraft:oxeye_daisy":2,"minecraft:birch_log":7,"minecraft:stripped_oak_log":15,"minecraft:pink_petals":12,"minecraft:cooked_beef":20,"minecraft:cherry_planks":52,"minecraft:leather":7,"minecraft:acacia_wood":1,"minecraft:potato":23,"minecraft:flint":10,"minecraft:oak_log":169,"minecraft:cobblestone_wall":5,"minecraft:yellow_bed":3,"minecraft:gunpowder":7,"minecraft:cobblestone_stairs":4,"minecraft:dirt":4623,"minecraft:bone":1,"minecraft:acacia_planks":58,"minecraft:apple":6,"minecraft:wheat_seeds":75,"minecraft:raw_gold":26,"minecraft:oak_fence_gate":10,"minecraft:iron_ingot":200,"minecraft:grindstone":1,"minecraft:stone_pickaxe":2,"minecraft:fletching_table":26,"minecraft:rabbit":1,"minecraft:iron_sword":3,"minecraft:oak_planks":12,"minecraft:book":70,"minecraft:dandelion":61,"minecraft:oak_pressure_plate":46,"minecraft:gravel":209,"minecraft:spruce_sapling":215,"minecraft:blast_furnace":9,"minecraft:white_bed":9,"minecraft:spruce_log":3866,"minecraft:mossy_cobblestone":6,"minecraft:diamond_shovel":2,"minecraft:diamond":65,"minecraft:stone_axe":6,"minecraft:spruce_boat":10,"minecraft:diamond_axe":1,"minecraft:chainmail_helmet":15,"minecraft:spruce_button":24,"minecraft:emerald":132,"minecraft:bread":28,"minecraft:oak_sapling":3,"minecraft:netherrack":6,"minecraft:bricks":1,"minecraft:coal":221,"minecraft:ender_pearl":1,"minecraft:diamond_pickaxe":1},"minecraft:killed_by":{"minecraft:zombie":3},"minecraft:killed":{"minecraft:spider":3,"minecraft:skeleton":3,"minecraft:pig":1,"minecraft:iron_golem":37,"minecraft:creeper":2,"minecraft:sheep":2,"minecraft:trader_llama":2,"minecraft:zombie":9,"minecraft:donkey":1,"minecraft:villager":1,"minecraft:enderman":1,"minecraft:cow":1},"minecraft:crafted":{"minecraft:golden_carrot":36,"minecraft:oak_planks":172,"minecraft:chainmail_helmet":16,"minecraft:stone_shovel":2,"minecraft:spruce_button":256,"minecraft:diamond_shovel":1,"minecraft:bone_meal":48,"minecraft:bookshelf":24,"minecraft:hopper":7,"minecraft:netherite_leggings":1,"minecraft:diamond_helmet":2,"minecraft:diamond_leggings":2,"minecraft:iron_boots":12,"minecraft:netherite_boots":1,"minecraft:iron_axe":2,"minecraft:spruce_slab":390,"minecraft:netherite_helmet":1,"minecraft:chest":13,"minecraft:diamond_boots":2,"minecraft:spruce_boat":1,"minecraft:netherite_upgrade_smithing_template":10,"minecraft:wheat":522,"minecraft:cooked_beef":2,"minecraft:minecart":2,"minecraft:diamond_sword":1,"minecraft:emerald":1306,"minecraft:diamond_axe":1,"minecraft:crafting_table":2,"minecraft:spruce_planks":22585,"minecraft:iron_sword":2,"minecraft:fletching_table":11,"minecraft:stone_axe":38,"minecraft:enchanted_book":29,"minecraft:bread":174,"minecraft:air":0,"minecraft:spruce_trapdoor":20,"minecraft:lectern":14,"minecraft:book":6,"minecraft:iron_chestplate":4,"minecraft:stick":43407,"minecraft:chainmail_boots":12,"minecraft:iron_ingot":11,"minecraft:iron_pickaxe":4,"minecraft:iron_block":6,"minecraft:gold_ingot":27,"minecraft:iron_shovel":1,"minecraft:iron_leggings":2,"minecraft:anvil":2,"minecraft:white_bed":3,"minecraft:netherite_ingot":2,"minecraft:acacia_planks":244,"minecraft:torch":28,"minecraft:diamond_chestplate":2},"minecraft:used":{"minecraft:flint_and_steel":126,"minecraft:stone_sword":68,"minecraft:iron_shovel":99,"minecraft:spruce_slab":376,"minecraft:stone_shovel":106,"minecraft:chest":19,"minecraft:spruce_planks":72,"minecraft:shield":26,"minecraft:iron_sword":406,"minecraft:netherrack":1,"minecraft:orange_bed":6,"minecraft:torch":53,"minecraft:dirt":793,"minecraft:anvil":2,"minecraft:carrot":45,"minecraft:oak_fence_gate":5,"minecraft:spruce_boat":7,"minecraft:bricks":1,"minecraft:bookshelf":12,"minecraft:iron_axe":109,"minecraft:oak_stairs":1,"minecraft:golden_carrot":18,"minecraft:furnace":2,"minecraft:minecart":22,"minecraft:cooked_beef":8,"minecraft:acacia_planks":36,"minecraft:water_bucket":29,"minecraft:diamond_boots":1,"minecraft:stone_pickaxe":54,"minecraft:netherite_chestplate":2,"minecraft:cherry_planks":42,"minecraft:diamond_axe":280,"minecraft:fletching_table":32,"minecraft:rail":117,"minecraft:crafting_table":3,"minecraft:blast_furnace":9,"minecraft:white_bed":7,"minecraft:spruce_log":72,"minecraft:oak_log":1,"minecraft:diamond_pickaxe":1688,"minecraft:diamond_shovel":8648,"minecraft:bread":72,"minecraft:iron_pickaxe":1002,"minecraft:lectern":365,"minecraft:spruce_trapdoor":12,"minecraft:spruce_sapling":174,"minecraft:oak_pressure_plate":4,"minecraft:gravel":150,"minecraft:stone_axe":326,"minecraft:diamond_sword":297,"minecraft:cobblestone":291,"minecraft:grindstone":1,"minecraft:smithing_table":1,"minecraft:bucket":30,"minecraft:yellow_bed":5,"minecraft:bone_meal":33},"minecraft:custom":{"minecraft:interact_with_smithing_table":5,"minecraft:mob_kills":67,"minecraft:interact_with_anvil":22,"minecraft:interact_with_crafting_table":78,"minecraft:bell_ring":160,"minecraft:leave_game":4,"minecraft:time_since_death":607282,"minecraft:climb_one_cm":1022,"minecraft:sprint_one_cm":1316863,"minecraft:walk_one_cm":2172279,"minecraft:damage_blocked_by_shield":1132,"minecraft:drop":313,"minecraft:talked_to_villager":814,"minecraft:play_time":615499,"minecraft:deaths":3,"minecraft:sneak_time":13956,"minecraft:walk_under_water_one_cm":4832,"minecraft:boat_one_cm":11152,"minecraft:jump":7994,"minecraft:interact_with_blast_furnace":3,"minecraft:walk_on_water_one_cm":41346,"minecraft:total_world_time":615499,"minecraft:interact_with_furnace":11,"minecraft:traded_with_villager":1415,"minecraft:interact_with_grindstone":1,"minecraft:sleep_in_bed":15,"minecraft:time_since_rest":78122,"minecraft:damage_taken":5053,"minecraft:minecart_one_cm":281,"minecraft:damage_dealt":43617,"minecraft:swim_one_cm":10813,"minecraft:fly_one_cm":896484,"minecraft:player_kills":1,"minecraft:open_chest":712,"minecraft:crouch_one_cm":57389,"minecraft:fall_one_cm":152682}},"DataVersion":3953}