{"stats":{"minecraft:dropped":{"minecraft:poppy":2,"minecraft:acacia_wood":1,"minecraft:shield":1,"minecraft:wheat_seeds":2,"minecraft:rotten_flesh":2,"minecraft:pink_petals":6,"minecraft:white_wool":1,"minecraft:acacia_pressure_plate":1},"minecraft:used":{"minecraft:stone_sword":48,"minecraft:stone_pickaxe":22,"minecraft:shield":12,"minecraft:cherry_planks":7,"minecraft:stone_axe":21,"minecraft:orange_bed":1,"minecraft:crafting_table":1,"minecraft:cooked_beef":2},"minecraft:custom":{"minecraft:time_since_rest":8598,"minecraft:interact_with_furnace":1,"minecraft:sprint_one_cm":54199,"minecraft:damage_taken":869,"minecraft:walk_one_cm":34791,"minecraft:damage_blocked_by_shield":485,"minecraft:mob_kills":5,"minecraft:drop":16,"minecraft:damage_dealt":1566,"minecraft:interact_with_crafting_table":2,"minecraft:fly_one_cm":86529,"minecraft:open_chest":1,"minecraft:crouch_one_cm":240,"minecraft:play_time":16741,"minecraft:deaths":3,"minecraft:sneak_time":88,"minecraft:jump":505,"minecraft:walk_on_water_one_cm":714,"minecraft:leave_game":1,"minecraft:time_since_death":8524,"minecraft:total_world_time":16741,"minecraft:fall_one_cm":9180},"minecraft:killed_by":{"minecraft:zombie":3},"minecraft:mined":{"minecraft:pink_petals":2,"minecraft:hay_block":5,"minecraft:crafting_table":1,"minecraft:short_grass":18,"minecraft:tall_grass":4,"minecraft:stone":22,"minecraft:orange_bed":4},"minecraft:picked_up":{"minecraft:pink_petals":12,"minecraft:crafting_table":1,"minecraft:cooked_beef":20,"minecraft:acacia_fence":33,"minecraft:cherry_planks":52,"minecraft:leather":1,"minecraft:torch":4,"minecraft:acacia_log":61,"minecraft:acacia_wood":1,"minecraft:acacia_pressure_plate":1,"minecraft:porkchop":1,"minecraft:shield":5,"minecraft:orange_bed":4,"minecraft:arrow":1,"minecraft:stone_sword":3,"minecraft:bone":1,"minecraft:rotten_flesh":2,"minecraft:stone_axe":4,"minecraft:wheat_seeds":2,"minecraft:hay_block":5,"minecraft:beef":2,"minecraft:iron_ingot":3,"minecraft:stone_pickaxe":2,"minecraft:poppy":2,"minecraft:rabbit":1,"minecraft:mutton":1,"minecraft:white_wool":1,"minecraft:cobblestone":66,"minecraft:furnace":1},"minecraft:crafted":{"minecraft:crafting_table":1,"minecraft:stick":12,"minecraft:iron_pickaxe":1},"minecraft:killed":{"minecraft:sheep":1,"minecraft:pig":1,"minecraft:zombie":1,"minecraft:iron_golem":1,"minecraft:cow":1},"minecraft:broken":{"minecraft:stone_axe":1}},"DataVersion":3953}