{"stats":{"minecraft:dropped":{"minecraft:iron_ingot":1,"minecraft:acacia_wood":1,"minecraft:porkchop":1,"minecraft:wheat_seeds":3,"minecraft:oak_fence":14,"minecraft:cobblestone":1,"minecraft:rotten_flesh":2,"minecraft:poppy":4,"minecraft:dirt":1,"minecraft:shield":1,"minecraft:mutton":1,"minecraft:acacia_fence":33,"minecraft:pink_petals":6,"minecraft:birch_log":7,"minecraft:spruce_sapling":7,"minecraft:white_wool":1,"minecraft:acacia_planks":77,"minecraft:acacia_pressure_plate":1},"minecraft:used":{"minecraft:stone_sword":68,"minecraft:stone_pickaxe":54,"minecraft:shield":12,"minecraft:cherry_planks":42,"minecraft:orange_bed":2,"minecraft:dirt":5,"minecraft:crafting_table":3,"minecraft:blast_furnace":1,"minecraft:white_bed":1,"minecraft:bricks":1,"minecraft:iron_axe":13,"minecraft:bread":2,"minecraft:iron_pickaxe":9,"minecraft:spruce_sapling":4,"minecraft:stone_axe":21,"minecraft:cobblestone":1,"minecraft:furnace":1,"minecraft:yellow_bed":1,"minecraft:cooked_beef":8,"minecraft:acacia_planks":36},"minecraft:custom":{"minecraft:interact_with_furnace":4,"minecraft:mob_kills":6,"minecraft:interact_with_crafting_table":9,"minecraft:leave_game":1,"minecraft:time_since_death":32524,"minecraft:sleep_in_bed":1,"minecraft:time_since_rest":2505,"minecraft:sprint_one_cm":144634,"minecraft:damage_taken":1332,"minecraft:walk_one_cm":75560,"minecraft:damage_blocked_by_shield":485,"minecraft:drop":30,"minecraft:damage_dealt":2566,"minecraft:swim_one_cm":9480,"minecraft:talked_to_villager":3,"minecraft:fly_one_cm":206533,"minecraft:open_chest":5,"minecraft:crouch_one_cm":1459,"minecraft:play_time":40741,"minecraft:deaths":3,"minecraft:sneak_time":479,"minecraft:walk_under_water_one_cm":112,"minecraft:jump":1196,"minecraft:interact_with_blast_furnace":3,"minecraft:walk_on_water_one_cm":7290,"minecraft:total_world_time":40741,"minecraft:fall_one_cm":36540},"minecraft:killed_by":{"minecraft:zombie":3},"minecraft:mined":{"minecraft:white_bed":3,"minecraft:crafting_table":1,"minecraft:short_grass":21,"minecraft:blast_furnace":2,"minecraft:acacia_log":1,"minecraft:grass_block":4,"minecraft:lectern":1,"minecraft:tall_grass":4,"minecraft:spruce_leaves":14,"minecraft:bricks":1,"minecraft:pink_petals":2,"minecraft:hay_block":36,"minecraft:furnace":1,"minecraft:iron_ore":4,"minecraft:yellow_bed":3,"minecraft:bookshelf":4,"minecraft:coal_ore":21,"minecraft:dirt":2,"minecraft:stone":33,"minecraft:oak_leaves":3,"minecraft:orange_bed":5},"minecraft:picked_up":{"minecraft:birch_log":7,"minecraft:pink_petals":12,"minecraft:crafting_table":1,"minecraft:azure_bluet":1,"minecraft:cooked_beef":20,"minecraft:cherry_planks":52,"minecraft:leather":1,"minecraft:acacia_wood":1,"minecraft:acacia_pressure_plate":1,"minecraft:oak_log":7,"minecraft:yellow_bed":3,"minecraft:shield":5,"minecraft:dirt":6,"minecraft:bone":1,"minecraft:acacia_planks":58,"minecraft:wheat_seeds":3,"minecraft:iron_ingot":7,"minecraft:beef":2,"minecraft:stone_pickaxe":2,"minecraft:poppy":4,"minecraft:rabbit":1,"minecraft:lectern":1,"minecraft:furnace":2,"minecraft:book":12,"minecraft:stick":1,"minecraft:raw_iron":4,"minecraft:acacia_fence":33,"minecraft:oak_fence":14,"minecraft:torch":4,"minecraft:acacia_log":61,"minecraft:porkchop":1,"minecraft:spruce_sapling":11,"minecraft:blast_furnace":2,"minecraft:white_bed":3,"minecraft:spruce_log":56,"minecraft:orange_bed":5,"minecraft:stone_sword":3,"minecraft:arrow":1,"minecraft:rotten_flesh":2,"minecraft:stone_axe":4,"minecraft:hay_block":36,"minecraft:bricks":1,"minecraft:mutton":1,"minecraft:coal":34,"minecraft:white_wool":1,"minecraft:cobblestone":78},"minecraft:killed":{"minecraft:pig":1,"minecraft:iron_golem":2,"minecraft:sheep":1,"minecraft:zombie":1,"minecraft:cow":1},"minecraft:crafted":{"minecraft:cooked_beef":2,"minecraft:oak_planks":28,"minecraft:crafting_table":2,"minecraft:spruce_planks":224,"minecraft:stone_axe":3,"minecraft:bookshelf":2,"minecraft:bread":36,"minecraft:air":0,"minecraft:lectern":2,"minecraft:iron_axe":1,"minecraft:spruce_slab":12,"minecraft:stick":12,"minecraft:iron_ingot":4,"minecraft:iron_pickaxe":2,"minecraft:acacia_planks":244,"minecraft:wheat":522},"minecraft:broken":{"minecraft:stone_axe":1}},"DataVersion":3953}