{"stats":{"minecraft:dropped":{"minecraft:acacia_wood":1,"minecraft:wheat_seeds":2,"minecraft:rotten_flesh":2,"minecraft:poppy":4,"minecraft:dirt":1,"minecraft:shield":1,"minecraft:pink_petals":6,"minecraft:white_wool":1,"minecraft:acacia_pressure_plate":1},"minecraft:used":{"minecraft:stone_sword":68,"minecraft:stone_pickaxe":54,"minecraft:shield":12,"minecraft:cherry_planks":42,"minecraft:orange_bed":2,"minecraft:dirt":5,"minecraft:crafting_table":2,"minecraft:blast_furnace":1,"minecraft:bricks":1,"minecraft:iron_pickaxe":9,"minecraft:stone_axe":21,"minecraft:cobblestone":1,"minecraft:furnace":1,"minecraft:yellow_bed":1,"minecraft:cooked_beef":6,"minecraft:acacia_planks":8},"minecraft:custom":{"minecraft:interact_with_furnace":4,"minecraft:mob_kills":6,"minecraft:interact_with_crafting_table":4,"minecraft:leave_game":1,"minecraft:time_since_death":20524,"minecraft:time_since_rest":20598,"minecraft:sprint_one_cm":92506,"minecraft:damage_taken":1212,"minecraft:walk_one_cm":51362,"minecraft:damage_blocked_by_shield":485,"minecraft:drop":19,"minecraft:damage_dealt":2566,"minecraft:talked_to_villager":1,"minecraft:fly_one_cm":143852,"minecraft:open_chest":1,"minecraft:crouch_one_cm":1084,"minecraft:play_time":28741,"minecraft:deaths":3,"minecraft:sneak_time":427,"minecraft:jump":887,"minecraft:interact_with_blast_furnace":3,"minecraft:walk_on_water_one_cm":3359,"minecraft:total_world_time":28741,"minecraft:fall_one_cm":24412},"minecraft:killed_by":{"minecraft:zombie":3},"minecraft:mined":{"minecraft:crafting_table":1,"minecraft:short_grass":19,"minecraft:blast_furnace":2,"minecraft:acacia_log":1,"minecraft:grass_block":4,"minecraft:tall_grass":4,"minecraft:bricks":1,"minecraft:pink_petals":2,"minecraft:hay_block":12,"minecraft:furnace":1,"minecraft:iron_ore":4,"minecraft:yellow_bed":2,"minecraft:coal_ore":21,"minecraft:dirt":2,"minecraft:stone":33,"minecraft:oak_leaves":3,"minecraft:orange_bed":5},"minecraft:picked_up":{"minecraft:pink_petals":12,"minecraft:crafting_table":1,"minecraft:cooked_beef":20,"minecraft:cherry_planks":52,"minecraft:leather":1,"minecraft:acacia_wood":1,"minecraft:acacia_pressure_plate":1,"minecraft:oak_log":7,"minecraft:yellow_bed":2,"minecraft:shield":5,"minecraft:dirt":6,"minecraft:bone":1,"minecraft:acacia_planks":58,"minecraft:wheat_seeds":2,"minecraft:iron_ingot":6,"minecraft:beef":2,"minecraft:stone_pickaxe":2,"minecraft:poppy":4,"minecraft:rabbit":1,"minecraft:furnace":2,"minecraft:raw_iron":4,"minecraft:acacia_fence":33,"minecraft:torch":4,"minecraft:acacia_log":61,"minecraft:porkchop":1,"minecraft:blast_furnace":2,"minecraft:orange_bed":5,"minecraft:stone_sword":3,"minecraft:arrow":1,"minecraft:rotten_flesh":2,"minecraft:stone_axe":4,"minecraft:hay_block":12,"minecraft:bricks":1,"minecraft:mutton":1,"minecraft:coal":34,"minecraft:white_wool":1,"minecraft:cobblestone":77},"minecraft:killed":{"minecraft:pig":1,"minecraft:iron_golem":2,"minecraft:sheep":1,"minecraft:zombie":1,"minecraft:cow":1},"minecraft:crafted":{"minecraft:cooked_beef":2,"minecraft:crafting_table":1,"minecraft:bread":36,"minecraft:air":0,"minecraft:iron_axe":1,"minecraft:stick":12,"minecraft:iron_ingot":4,"minecraft:iron_pickaxe":2,"minecraft:acacia_planks":244,"minecraft:wheat":108},"minecraft:broken":{"minecraft:stone_axe":1}},"DataVersion":3953}