{"stats":{"minecraft:used":{"minecraft:iron_shovel":99,"minecraft:spruce_slab":379,"minecraft:chest":19,"minecraft:shield":26,"minecraft:iron_sword":406,"minecraft:carrot":48,"minecraft:spruce_boat":7,"minecraft:lava_bucket":1,"minecraft:bricks":1,"minecraft:hay_block":1,"minecraft:furnace":2,"minecraft:diamond_boots":1,"minecraft:stone_pickaxe":54,"minecraft:diamond_axe":402,"minecraft:sugar_cane":6,"minecraft:sand":2,"minecraft:blast_furnace":9,"minecraft:bread":72,"minecraft:lectern":453,"minecraft:oak_pressure_plate":4,"minecraft:gravel":150,"minecraft:diamond_sword":439,"minecraft:grindstone":1,"minecraft:smithing_table":1,"minecraft:bone_meal":33,"minecraft:stone_sword":68,"minecraft:flint_and_steel":126,"minecraft:stone_shovel":106,"minecraft:spruce_planks":72,"minecraft:netherrack":1,"minecraft:orange_bed":6,"minecraft:torch":61,"minecraft:dirt":1567,"minecraft:anvil":2,"minecraft:oak_fence_gate":5,"minecraft:bookshelf":12,"minecraft:iron_axe":109,"minecraft:oak_stairs":1,"minecraft:golden_carrot":43,"minecraft:netherite_pickaxe":427,"minecraft:minecart":22,"minecraft:cooked_beef":8,"minecraft:acacia_planks":36,"minecraft:water_bucket":34,"minecraft:netherite_chestplate":2,"minecraft:cherry_planks":42,"minecraft:fletching_table":32,"minecraft:rail":117,"minecraft:crafting_table":3,"minecraft:white_bed":8,"minecraft:spruce_log":72,"minecraft:oak_log":1,"minecraft:diamond_pickaxe":3185,"minecraft:diamond_shovel":21270,"minecraft:iron_pickaxe":1002,"minecraft:spruce_trapdoor":13,"minecraft:spruce_sapling":174,"minecraft:stone_axe":326,"minecraft:cobblestone":309,"minecraft:bucket":37,"minecraft:yellow_bed":7},"minecraft:custom":{"minecraft:interact_with_crafting_table":79,"minecraft:bell_ring":164,"minecraft:leave_game":12,"minecraft:time_since_death":15180,"minecraft:sprint_one_cm":1709174,"minecraft:damage_blocked_by_shield":1132,"minecraft:drop":416,"minecraft:talked_to_villager":1019,"minecraft:play_time":769743,"minecraft:deaths":4,"minecraft:jump":10209,"minecraft:walk_on_water_one_cm":58264,"minecraft:interact_with_furnace":11,"minecraft:traded_with_villager":1805,"minecraft:sleep_in_bed":15,"minecraft:damage_dealt":50051,"minecraft:player_kills":1,"minecraft:crouch_one_cm":75979,"minecraft:interact_with_smithing_table":7,"minecraft:mob_kills":81,"minecraft:interact_with_anvil":24,"minecraft:inspect_hopper":1,"minecraft:climb_one_cm":3247,"minecraft:walk_one_cm":3066915,"minecraft:walk_under_water_one_cm":16041,"minecraft:sneak_time":18023,"minecraft:boat_one_cm":11152,"minecraft:interact_with_blast_furnace":3,"minecraft:total_world_time":769743,"minecraft:interact_with_grindstone":1,"minecraft:time_since_rest":15225,"minecraft:damage_taken":6696,"minecraft:minecart_one_cm":281,"minecraft:swim_one_cm":22693,"minecraft:fly_one_cm":1205699,"minecraft:open_chest":858,"minecraft:fall_one_cm":219876},"minecraft:picked_up":{"minecraft:iron_chestplate":3,"minecraft:wheat":41,"minecraft:chainmail_boots":12,"minecraft:lead":5,"minecraft:diamond_sword":3,"minecraft:oak_stairs":42,"minecraft:acacia_pressure_plate":1,"minecraft:enchanted_book":2,"minecraft:string":3,"minecraft:iron_leggings":1,"minecraft:diamond_leggings":1,"minecraft:bucket":3,"minecraft:spruce_planks":626,"minecraft:netherite_upgrade_smithing_template":1,"minecraft:furnace":3,"minecraft:iron_boots":11,"minecraft:stick":1151,"minecraft:acacia_fence":33,"minecraft:composter":1,"minecraft:oak_fence":52,"minecraft:torch":164,"minecraft:acacia_log":61,"minecraft:porkchop":1,"minecraft:orange_bed":6,"minecraft:stone_sword":3,"minecraft:rotten_flesh":24,"minecraft:bookshelf":2,"minecraft:netherite_chestplate":2,"minecraft:cobblestone":2741,"minecraft:birch_log":7,"minecraft:pink_petals":12,"minecraft:cooked_beef":20,"minecraft:cherry_planks":52,"minecraft:water_bucket":2,"minecraft:andesite":7,"minecraft:potato":23,"minecraft:flint":10,"minecraft:netherite_leggings":1,"minecraft:dirt":7464,"minecraft:bone":3,"minecraft:acacia_planks":58,"minecraft:wheat_seeds":134,"minecraft:raw_gold":26,"minecraft:grindstone":1,"minecraft:rabbit":1,"minecraft:fletching_table":26,"minecraft:oak_planks":19,"minecraft:oak_pressure_plate":87,"minecraft:sand":1,"minecraft:mossy_cobblestone":8,"minecraft:diamond":65,"minecraft:netherite_helmet":1,"minecraft:spruce_boat":10,"minecraft:granite":408,"minecraft:emerald":628,"minecraft:spruce_button":29,"minecraft:bread":134,"minecraft:chainmail_helmet":15,"minecraft:oak_sapling":3,"minecraft:netherrack":53,"minecraft:bricks":1,"minecraft:diamond_pickaxe":1,"minecraft:crafting_table":2,"minecraft:azure_bluet":186,"minecraft:shield":7,"minecraft:cornflower":4,"minecraft:oak_trapdoor":8,"minecraft:flint_and_steel":1,"minecraft:iron_axe":1,"minecraft:netherite_scrap":8,"minecraft:iron_shovel":1,"minecraft:beef":2,"minecraft:oak_boat":1,"minecraft:poppy":53,"minecraft:minecart":24,"minecraft:spruce_slab":188,"minecraft:lectern":443,"minecraft:sugar_cane":6,"minecraft:chest":22,"minecraft:spruce_trapdoor":5,"minecraft:raw_iron":32,"minecraft:oak_door":2,"minecraft:carrot":137,"minecraft:netherite_pickaxe":2,"minecraft:tnt":27,"minecraft:arrow":8,"minecraft:stone_shovel":1,"minecraft:diamond_boots":2,"minecraft:hay_block":76,"minecraft:gold_ingot":33,"minecraft:mutton":2,"minecraft:white_wool":1,"minecraft:rail":295,"minecraft:oxeye_daisy":4,"minecraft:stripped_oak_log":16,"minecraft:netherite_boots":1,"minecraft:golden_carrot":20,"minecraft:leather":7,"minecraft:acacia_wood":1,"minecraft:oak_log":171,"minecraft:cobblestone_wall":5,"minecraft:yellow_bed":5,"minecraft:gunpowder":10,"minecraft:cobblestone_stairs":5,"minecraft:apple":6,"minecraft:iron_ingot":247,"minecraft:oak_fence_gate":10,"minecraft:stone_pickaxe":2,"minecraft:iron_sword":3,"minecraft:book":70,"minecraft:dandelion":135,"minecraft:gravel":209,"minecraft:spruce_sapling":223,"minecraft:blast_furnace":12,"minecraft:white_bed":10,"minecraft:spruce_log":5220,"minecraft:diamond_shovel":7,"minecraft:stone_axe":6,"minecraft:diamond_axe":4,"minecraft:coal":249,"minecraft:ender_pearl":1},"minecraft:broken":{"minecraft:stone_axe":2,"minecraft:iron_sword":1,"minecraft:flint_and_steel":2,"minecraft:iron_pickaxe":4},"minecraft:killed":{"minecraft:spider":3,"minecraft:skeleton":5,"minecraft:pig":1,"minecraft:iron_golem":43,"minecraft:creeper":3,"minecraft:sheep":2,"minecraft:trader_llama":2,"minecraft:zombie":12,"minecraft:donkey":1,"minecraft:cow":1,"minecraft:villager":2,"minecraft:enderman":1},"minecraft:mined":{"minecraft:spruce_planks":51,"minecraft:white_bed":6,"minecraft:farmland":31,"minecraft:cobblestone_stairs":6,"minecraft:spruce_trapdoor":5,"minecraft:granite":430,"minecraft:acacia_log":1,"minecraft:grass_block":6181,"minecraft:oak_pressure_plate":58,"minecraft:oxeye_daisy":1,"minecraft:iron_ore":17,"minecraft:fletching_table":26,"minecraft:azure_bluet":35,"minecraft:dirt_path":735,"minecraft:oak_stairs":69,"minecraft:spruce_slab":70,"minecraft:orange_bed":5,"minecraft:torch":8,"minecraft:blast_furnace":9,"minecraft:poppy":4,"minecraft:chest":16,"minecraft:cobblestone":340,"minecraft:sugar_cane":1,"minecraft:grindstone":1,"minecraft:oak_planks":40,"minecraft:bricks":1,"minecraft:wall_torch":16,"minecraft:pink_petals":2,"minecraft:wheat":3,"minecraft:tnt":9,"minecraft:smooth_stone_slab":11,"minecraft:oak_log":1,"minecraft:oak_fence_gate":11,"minecraft:sand":2,"minecraft:dirt":14253,"minecraft:netherrack":11,"minecraft:oak_leaves":3,"minecraft:mossy_cobblestone":12,"minecraft:oak_door":3,"minecraft:spruce_leaves":54,"minecraft:hay_block":50,"minecraft:oak_trapdoor":10,"minecraft:spruce_sapling":27,"minecraft:furnace":2,"minecraft:carrots":19,"minecraft:andesite":7,"minecraft:bookshelf":16,"minecraft:rail":284,"minecraft:stone":3381,"minecraft:podzol":15,"minecraft:glass_pane":6,"minecraft:dandelion":20,"minecraft:oak_fence":6,"minecraft:crafting_table":4,"minecraft:short_grass":204,"minecraft:spruce_button":11,"minecraft:lectern":438,"minecraft:tall_grass":23,"minecraft:cobblestone_wall":11,"minecraft:spruce_log":10,"minecraft:yellow_bed":5,"minecraft:coal_ore":118,"minecraft:gravel":125},"minecraft:dropped":{"minecraft:iron_sword":3,"minecraft:acacia_wood":1,"minecraft:porkchop":1,"minecraft:diamond_axe":3,"minecraft:oak_pressure_plate":82,"minecraft:oak_log":8,"minecraft:ender_pearl":1,"minecraft:diamond":30,"minecraft:crafting_table":1,"minecraft:netherite_upgrade_smithing_template":1,"minecraft:rail":1,"minecraft:emerald":258,"minecraft:cobblestone_stairs":1,"minecraft:dirt":157,"minecraft:cornflower":1,"minecraft:mutton":1,"minecraft:bone_meal":15,"minecraft:birch_log":7,"minecraft:white_wool":1,"minecraft:bone":4,"minecraft:stone_axe":5,"minecraft:wheat":19,"minecraft:rotten_flesh":20,"minecraft:oak_planks":4,"minecraft:diamond_shovel":6,"minecraft:azure_bluet":189,"minecraft:white_bed":6,"minecraft:carrot":50,"minecraft:poppy":22,"minecraft:oak_fence_gate":1,"minecraft:gunpowder":3,"minecraft:hopper":7,"minecraft:spruce_slab":117,"minecraft:arrow":7,"minecraft:acacia_fence":33,"minecraft:netherrack":4,"minecraft:acacia_pressure_plate":1,"minecraft:lectern":1,"minecraft:water_bucket":1,"minecraft:iron_ingot":44,"minecraft:bread":280,"minecraft:netherite_pickaxe":1,"minecraft:wheat_seeds":62,"minecraft:tnt":18,"minecraft:mossy_cobblestone":2,"minecraft:diamond_leggings":2,"minecraft:netherite_chestplate":1,"minecraft:lead":2,"minecraft:oak_fence":14,"minecraft:cobblestone":50,"minecraft:book":17,"minecraft:granite":408,"minecraft:spruce_button":26,"minecraft:stick":1199,"minecraft:oxeye_daisy":2,"minecraft:diamond_horse_armor":1,"minecraft:torch":52,"minecraft:diamond_helmet":1,"minecraft:oak_stairs":1,"minecraft:iron_axe":1,"minecraft:iron_shovel":1,"minecraft:pink_petals":6,"minecraft:bucket":1,"minecraft:acacia_planks":77,"minecraft:spruce_sapling":9,"minecraft:dandelion":133,"minecraft:oak_trapdoor":8,"minecraft:stone_shovel":1,"minecraft:stripped_oak_log":1,"minecraft:blast_furnace":3,"minecraft:diamond_sword":2,"minecraft:potato":12,"minecraft:hay_block":13,"minecraft:spruce_boat":2,"minecraft:shield":3,"minecraft:diamond_chestplate":1,"minecraft:spruce_planks":420,"minecraft:diamond_boots":3},"minecraft:crafted":{"minecraft:oak_planks":180,"minecraft:chainmail_helmet":16,"minecraft:diamond_shovel":1,"minecraft:bookshelf":24,"minecraft:hopper":7,"minecraft:diamond_helmet":2,"minecraft:diamond_leggings":2,"minecraft:iron_boots":12,"minecraft:netherite_boots":1,"minecraft:chest":13,"minecraft:netherite_helmet":1,"minecraft:netherite_upgrade_smithing_template":10,"minecraft:emerald":1693,"minecraft:diamond_axe":1,"minecraft:crafting_table":2,"minecraft:spruce_planks":29321,"minecraft:fletching_table":11,"minecraft:spruce_trapdoor":20,"minecraft:lectern":14,"minecraft:iron_chestplate":4,"minecraft:book":6,"minecraft:stick":56602,"minecraft:iron_ingot":11,"minecraft:iron_pickaxe":4,"minecraft:iron_block":6,"minecraft:gold_ingot":27,"minecraft:netherite_ingot":2,"minecraft:golden_carrot":61,"minecraft:stone_shovel":2,"minecraft:spruce_button":256,"minecraft:bone_meal":48,"minecraft:netherite_leggings":1,"minecraft:iron_axe":2,"minecraft:spruce_slab":390,"minecraft:diamond_boots":2,"minecraft:spruce_boat":1,"minecraft:minecart":2,"minecraft:wheat":522,"minecraft:cooked_beef":2,"minecraft:netherite_pickaxe":1,"minecraft:diamond_sword":1,"minecraft:iron_sword":2,"minecraft:stone_axe":38,"minecraft:enchanted_book":32,"minecraft:bread":174,"minecraft:air":0,"minecraft:gold_nugget":171,"minecraft:chainmail_boots":12,"minecraft:iron_shovel":1,"minecraft:iron_leggings":2,"minecraft:anvil":2,"minecraft:white_bed":3,"minecraft:acacia_planks":244,"minecraft:torch":28,"minecraft:diamond_chestplate":2},"minecraft:killed_by":{"minecraft:zombie":3}},"DataVersion":3953}