{"stats":{"minecraft:dropped":{"minecraft:shield":1},"minecraft:custom":{"minecraft:time_since_rest":624,"minecraft:deaths":2,"minecraft:crouch_one_cm":45,"minecraft:play_time":6960,"minecraft:interact_with_furnace":1,"minecraft:sprint_one_cm":11424,"minecraft:damage_taken":550,"minecraft:walk_one_cm":12445,"minecraft:damage_blocked_by_shield":405,"minecraft:sneak_time":10,"minecraft:drop":1,"minecraft:jump":119,"minecraft:damage_dealt":143,"minecraft:time_since_death":595,"minecraft:total_world_time":6960,"minecraft:fall_one_cm":1103,"minecraft:fly_one_cm":15494},"minecraft:used":{"minecraft:stone_axe":7,"minecraft:stone_pickaxe":22,"minecraft:shield":9},"minecraft:killed_by":{"minecraft:zombie":2},"minecraft:mined":{"minecraft:pink_petals":2,"minecraft:short_grass":1,"minecraft:stone":22},"minecraft:picked_up":{"minecraft:pink_petals":6,"minecraft:stone_sword":2,"minecraft:cooked_beef":12,"minecraft:stone_axe":3,"minecraft:stone_pickaxe":1,"minecraft:shield":4,"minecraft:cobblestone":66}},"DataVersion":3953}