{
  "minecraft:recipes/decorations/crafting_table": {
    "criteria": {
      "unlock_right_away": "2024-06-27 20:47:23 +0000"
    },
    "done": true
  },
  "minecraft:adventure/adventuring_time": {
    "criteria": {
      "minecraft:savanna_plateau": "2024-06-27 20:51:45 +0000",
      "minecraft:forest": "2024-06-27 20:54:16 +0000",
      "minecraft:river": "2024-06-27 20:56:19 +0000",
      "minecraft:lukewarm_ocean": "2024-06-27 20:55:56 +0000",
      "minecraft:stony_shore": "2024-06-27 20:56:00 +0000",
      "minecraft:savanna": "2024-06-27 20:47:24 +0000",
      "minecraft:plains": "2024-06-27 20:54:15 +0000"
    },
    "done": false
  },
  "DataVersion": 3953
}